observation,year,month,date,Area,Rainfall,Daylight,Population,CO2,Ozone,OceanTemperature_NorthernHemisphere,LandTemperature_Northern Hemisphere,MaxTemperature_NorthSlopeAlaska,AvgTemperature_NorthSlopeAlaska,MinTemperature_NorthSlopeAlaska,GDP_WORLD
1,1980,1,01/01/1980,0.829,0.1,0.088,0,0.02163,0.528,0.3516,0.2932,0.2115,0.2016,0.1895,0
2,1980,2,01/02/1980,0.913,0.1,0.288,0.002,0.02706,0.78602,0.3281,0.3784,0.3101,0.2887,0.2608,0.00134887
3,1980,3,01/03/1980,0.921,0,0.494,0.004,0.0477,0.87686,0.2969,0.193,0.3068,0.2978,0.2854,0.00269773
4,1980,4,01/04/1980,0.88,0.05,0.706,0.0059,0.05907,0.86664,0.2188,0.3484,0.4042,0.3975,0.386,0.0040466
5,1980,5,01/05/1980,0.744,0.2,0.925,0.0079,0.06587,0.70773,0.2813,0.3559,0.639,0.6552,0.6632,0.00539546
6,1980,6,01/06/1980,0.574,0.65,1.088,0.0099,0.06389,0.48839,0.2813,0.3233,0.8671,0.882,0.8842,0.00674433
7,1980,7,01/07/1980,0.359,1,0.994,0.0119,0.04016,0.3138,0.2656,0.3058,0.8926,0.9061,0.9076,0.00809319
8,1980,8,01/08/1980,0.22,0.85,0.775,0.0138,0.01915,0.18522,0.25,0.2882,0.8217,0.8419,0.8526,0.00944206
9,1980,9,01/09/1980,0.214,0.4,0.563,0.0158,0.00049,0.11965,0.2266,0.2932,0.6633,0.6873,0.7029,0.01079092
10,1980,10,01/10/1980,0.356,0.35,0.35,0.0178,0,0.1644,0.1484,0.3133,0.5194,0.543,0.5591,0.01213979
11,1980,11,01/11/1980,0.55,0.2,0.144,0.0197,0.01384,0.2448,0.1172,0.4486,0.3355,0.3528,0.3649,0.01348865
12,1980,12,01/12/1980,0.728,0.25,0,0.0217,0.02682,0.25444,0.1719,0.3559,0.1517,0.1558,0.1579,0.01483752
13,1981,1,01/01/1981,0.827,0.1,0.088,0.0236,0.0388,0.58589,0.3047,0.6491,0.4186,0.4204,0.4175,0.01526291
14,1981,2,01/02/1981,0.881,0.1,0.288,0.0256,0.05437,0.80862,0.2813,0.5489,0.227,0.2131,0.1942,0.01568831
15,1981,3,01/03/1981,0.896,0,0.494,0.0276,0.06747,0.80076,0.2969,0.5865,0.3311,0.323,0.3111,0.01611371
16,1981,4,01/04/1981,0.856,0.05,0.706,0.0295,0.07884,0.7213,0.2578,0.4461,0.4585,0.4273,0.3883,0.01653911
17,1981,5,01/05/1981,0.747,0.2,0.925,0.0315,0.08502,0.60884,0.2578,0.3183,0.7076,0.7216,0.7263,0.01696451
18,1981,6,01/06/1981,0.576,0.65,1.088,0.0335,0.07897,0.45167,0.2969,0.3609,0.8505,0.8625,0.8643,0.01738991
19,1981,7,01/07/1981,0.339,1,0.994,0.0355,0.05722,0.29402,0.2266,0.3058,0.8915,0.9084,0.9135,0.01781531
20,1981,8,01/08/1981,0.18,0.85,0.775,0.0374,0.0283,0.1502,0.2109,0.3409,0.8117,0.8385,0.8538,0.01824071
21,1981,9,01/09/1981,0.177,0.4,0.563,0.0394,0.00989,0.07937,0.25,0.2907,0.6678,0.6976,0.7205,0.01866611
22,1981,10,01/10/1981,0.336,0.35,0.35,0.0414,0.01149,0.14252,0.2734,0.2832,0.4994,0.5315,0.5567,0.01909151
23,1981,11,01/11/1981,0.513,0.2,0.144,0.0433,0.03003,0.30782,0.2969,0.3409,0.3378,0.3574,0.3719,0.01951691
24,1981,12,01/12/1981,0.708,0.25,0,0.0453,0.04609,0.48566,0.3281,0.5388,0.2458,0.26,0.2702,0.0199423
25,1982,1,01/01/1982,0.851,0.1,0.088,0.0472,0.05944,0.73533,0.2109,0.1855,0.2049,0.2039,0.2,0.01982494
26,1982,2,01/02/1982,0.91,0.1,0.288,0.0492,0.06896,0.69933,0.2734,0.2957,0.299,0.2784,0.2526,0.01970758
27,1982,3,01/03/1982,0.928,0,0.494,0.0512,0.0823,0.746,0.2656,0.2005,0.2746,0.2669,0.2561,0.01959022
28,1982,4,01/04/1982,0.889,0.05,0.706,0.0531,0.09664,0.83801,0.2188,0.3584,0.4131,0.3906,0.3626,0.01947286
29,1982,5,01/05/1982,0.762,0.2,0.925,0.0551,0.10479,0.73305,0.25,0.2807,0.6069,0.6186,0.6222,0.0193555
30,1982,6,01/06/1982,0.614,0.65,1.088,0.057,0.09441,0.5146,0.2344,0.2506,0.8494,0.8648,0.869,0.01923814
31,1982,7,01/07/1982,0.388,1,0.994,0.059,0.07625,0.28218,0.1563,0.2982,0.9291,0.9359,0.9298,0.01912077
32,1982,8,01/08/1982,0.225,0.85,0.775,0.061,0.04869,0.16798,0.1406,0.2456,0.8505,0.8671,0.8713,0.01900341
33,1982,9,01/09/1982,0.176,0.4,0.563,0.063,0.02632,0.13354,0.1641,0.3108,0.7054,0.7446,0.7754,0.01888605
34,1982,10,01/10/1982,0.371,0.35,0.35,0.065,0.02645,0.14136,0.2188,0.2406,0.4075,0.4273,0.4421,0.01876869
35,1982,11,01/11/1982,0.579,0.2,0.144,0.0669,0.04263,0.15525,0.2031,0.1579,0.2636,0.2818,0.2982,0.01865133
36,1982,12,01/12/1982,0.737,0.25,0,0.0689,0.0587,0.27396,0.2656,0.4511,0.2392,0.26,0.2795,0.01853397
37,1983,1,01/01/1983,0.836,0.1,0.088,0.0708,0.06834,0.49893,0.2813,0.4962,0.1307,0.134,0.1357,0.01878363
38,1983,2,01/02/1983,0.916,0.1,0.288,0.0728,0.08342,0.65904,0.2188,0.4536,0.1938,0.2039,0.2117,0.0190333
39,1983,3,01/03/1983,0.916,0,0.494,0.0748,0.08873,0.71291,0.2891,0.401,0.2392,0.2325,0.2234,0.01928297
40,1983,4,01/04/1983,0.853,0.05,0.706,0.0768,0.11246,0.72296,0.2344,0.2757,0.4574,0.4559,0.448,0.01953263
41,1983,5,01/05/1983,0.736,0.2,0.925,0.0788,0.1221,0.59151,0.2344,0.2857,0.6334,0.6369,0.6327,0.0197823
42,1983,6,01/06/1983,0.597,0.65,1.088,0.0807,0.11715,0.41385,0.2656,0.2907,0.8549,0.8625,0.8585,0.02003196
43,1983,7,01/07/1983,0.387,1,0.994,0.0826,0.09936,0.21617,0.2344,0.3559,0.9169,0.9221,0.9146,0.02028163
44,1983,8,01/08/1983,0.223,0.85,0.775,0.0846,0.07563,0.1322,0.2109,0.4085,0.8095,0.8454,0.8702,0.0205313
45,1983,9,01/09/1983,0.199,0.4,0.563,0.0866,0.0519,0.09142,0.2422,0.3709,0.6645,0.685,0.6971,0.02078096
46,1983,10,01/10/1983,0.381,0.35,0.35,0.0885,0.05227,0.09058,0.1797,0.3133,0.402,0.4296,0.4526,0.02103063
47,1983,11,01/11/1983,0.573,0.2,0.144,0.0904,0.06723,0.23796,0.2031,0.5739,0.3643,0.3757,0.3825,0.0212803
48,1983,12,01/12/1983,0.715,0.25,0,0.0924,0.08527,0.3117,0.2188,0.3333,0.3344,0.3436,0.3497,0.02152996
49,1984,1,01/01/1984,0.807,0.1,0.088,0.0944,0.09825,0.40143,0.2344,0.3835,0.2038,0.197,0.1883,0.02199467
50,1984,2,01/02/1984,0.857,0.1,0.288,0.0964,0.10677,0.81152,0.1797,0.2256,0,0,0,0.02245938
51,1984,3,01/03/1984,0.883,0,0.494,0.0984,0.11579,0.88674,0.2031,0.396,0.2492,0.2428,0.2339,0.02292409
52,1984,4,01/04/1984,0.85,0.05,0.706,0.1003,0.13384,0.81925,0.125,0.2782,0.3355,0.3127,0.2842,0.0233888
53,1984,5,01/05/1984,0.737,0.2,0.925,0.1023,0.14187,0.6431,0.2188,0.406,0.6213,0.6208,0.6117,0.02385351
54,1984,6,01/06/1984,0.581,0.65,1.088,0.1042,0.13384,0.42729,0.1719,0.2857,0.8726,0.8774,0.8713,0.02431822
55,1984,7,01/07/1984,0.339,1,0.994,0.1062,0.11592,0.26244,0.2188,0.2581,0.9247,0.9278,0.917,0.02478293
56,1984,8,01/08/1984,0.198,0.85,0.775,0.1082,0.09145,0.14917,0.1641,0.3033,0.8195,0.8477,0.8667,0.02524764
57,1984,9,01/09/1984,0.148,0.4,0.563,0.1101,0.06488,0.06945,0.2031,0.2206,0.7486,0.7686,0.7789,0.02571235
58,1984,10,01/10/1984,0.305,0.35,0.35,0.1121,0.06822,0.12595,0.1328,0.2356,0.5172,0.5452,0.5673,0.02617706
59,1984,11,01/11/1984,0.507,0.2,0.144,0.1141,0.08552,0.34172,0.0938,0.1704,0.2115,0.2314,0.2503,0.02664177
60,1984,12,01/12/1984,0.684,0.25,0,0.116,0.10566,0.48732,0.0703,0,0.1949,0.1959,0.193,0.02710648
61,1985,1,01/01/1985,0.808,0.1,0.088,0.1182,0.11196,0.63211,0.0859,0.3308,0.3344,0.3482,0.3591,0.02776507
62,1985,2,01/02/1985,0.876,0.1,0.288,0.1205,0.1237,0.73198,0.1016,0.1053,0.1639,0.1501,0.1333,0.02842367
63,1985,3,01/03/1985,0.9,0,0.494,0.1226,0.14323,0.8933,0.0859,0.3008,0.2879,0.2772,0.262,0.02908227
64,1985,4,01/04/1985,0.882,0.05,0.706,0.1249,0.15064,0.90554,0,0.3358,0.3156,0.2852,0.2503,0.02974086
65,1985,5,01/05/1985,0.769,0.2,0.925,0.1271,0.15954,0.63837,0.1094,0.3233,0.6788,0.6758,0.6643,0.03039946
66,1985,6,01/06/1985,0.57,0.65,1.088,0.1293,0.15114,0.44087,0.1484,0.2857,0.8516,0.8637,0.8655,0.03105805
67,1985,7,01/07/1985,0.312,1,0.994,0.1315,0.1305,0.25404,0.1406,0.208,0.9324,0.9278,0.9088,0.03171665
68,1985,8,01/08/1985,0.191,0.85,0.775,0.1337,0.10961,0.14766,0.1016,0.2832,0.8715,0.8809,0.8772,0.03237525
69,1985,9,01/09/1985,0.158,0.4,0.563,0.1359,0.08799,0.07932,0.1875,0.2281,0.6844,0.7205,0.7485,0.03303384
70,1985,10,01/10/1985,0.323,0.35,0.35,0.1382,0.08626,0.13167,0.1328,0.2481,0.4396,0.4662,0.4865,0.03369244
71,1985,11,01/11/1985,0.523,0.2,0.144,0.1404,0.10306,0.20094,0.2266,0.2256,0.3643,0.3643,0.3591,0.03435103
72,1985,12,01/12/1985,0.681,0.25,0,0.1426,0.12024,0.28138,0.2188,0.3158,0.3256,0.3322,0.3357,0.03500963
73,1986,1,01/01/1986,0.824,0.1,0.088,0.1448,0.12865,0.48548,0.125,0.4962,0.1705,0.1775,0.1825,0.03750589
74,1986,2,01/02/1986,0.889,0.1,0.288,0.147,0.13754,0.5452,0.2031,0.4035,0.2868,0.2921,0.2936,0.04000216
75,1986,3,01/03/1986,0.897,0,0.494,0.1492,0.14731,0.88289,0.1328,0.4286,0.2137,0.1913,0.1661,0.04249842
76,1986,4,01/04/1986,0.838,0.05,0.706,0.1515,0.16869,0.79669,0.1797,0.3784,0.3621,0.3265,0.2842,0.04499468
77,1986,5,01/05/1986,0.721,0.2,0.925,0.1537,0.17659,0.61639,0.2422,0.3308,0.6268,0.6392,0.6433,0.04749095
78,1986,6,01/06/1986,0.573,0.65,1.088,0.1559,0.17029,0.40965,0.2188,0.3233,0.856,0.8683,0.869,0.04998721
79,1986,7,01/07/1986,0.366,1,0.994,0.1581,0.14842,0.21912,0.1875,0.2531,0.938,0.9404,0.9298,0.05248347
80,1986,8,01/08/1986,0.226,0.85,0.775,0.1603,0.12259,0.11443,0.2188,0.2832,0.8416,0.8591,0.8655,0.05497974
81,1986,9,01/09/1986,0.201,0.4,0.563,0.1625,0.11209,0.09477,0.2031,0.2481,0.7619,0.7778,0.7836,0.057476
82,1986,10,01/10/1986,0.385,0.35,0.35,0.1647,0.10344,0.09192,0.2031,0.2807,0.4839,0.4891,0.4877,0.05997226
83,1986,11,01/11/1986,0.562,0.2,0.144,0.1669,0.12074,0.24176,0.2109,0.2231,0.2913,0.2955,0.2959,0.06246853
84,1986,12,01/12/1986,0.707,0.25,0,0.1692,0.1368,0.33435,0.2031,0.2807,0.2924,0.2932,0.2901,0.06496479
85,1987,1,01/01/1987,0.826,0.1,0.088,0.1714,0.15213,0.75194,0.1641,0.3734,0.2337,0.2337,0.2316,0.0672005
86,1987,2,01/02/1987,0.923,0.1,0.288,0.1736,0.15546,1,0.1406,0.614,0.1661,0.1581,0.1474,0.06943621
87,1987,3,01/03/1987,0.907,0,0.494,0.1758,0.16782,0.77285,0.25,0.2556,0.2735,0.2543,0.2292,0.07167192
88,1987,4,01/04/1987,0.865,0.05,0.706,0.178,0.18735,0.7142,0.2031,0.2807,0.3765,0.3517,0.3216,0.07390762
89,1987,5,01/05/1987,0.745,0.2,0.925,0.1802,0.19661,0.61344,0.2969,0.3634,0.6567,0.6667,0.669,0.07614333
90,1987,6,01/06/1987,0.607,0.65,1.088,0.1825,0.18994,0.49942,0.3047,0.3008,0.856,0.8683,0.869,0.07837904
91,1987,7,01/07/1987,0.36,1,0.994,0.1846,0.17252,0.28057,0.3438,0.3584,0.9358,0.945,0.9404,0.08061475
92,1987,8,01/08/1987,0.321,0.85,0.775,0.1869,0.14681,0.17477,0.3984,0.3484,0.8682,0.89,0.8994,0.08285046
93,1987,9,01/09/1987,0.281,0.4,0.563,0.1891,0.12815,0.13417,0.4141,0.386,0.6777,0.7125,0.738,0.08508617
94,1987,10,01/10/1987,0.442,0.35,0.35,0.1913,0.12902,0.20076,0.3828,0.2632,0.5626,0.5888,0.607,0.08732188
95,1987,11,01/11/1987,0.637,0.2,0.144,0.1935,0.14595,0.36297,0.3828,0.2155,0.2935,0.3184,0.3404,0.08955759
96,1987,12,01/12/1987,0.748,0.25,0,0.1957,0.16078,0.53131,0.3672,0.5263,0.2447,0.2497,0.2526,0.09179329
97,1988,1,01/01/1988,0.86,0.1,0.088,0.1982,0.17598,0.5213,0.4219,0.4612,0.2569,0.2612,0.262,0.09398679
98,1988,2,01/02/1988,0.971,0.1,0.288,0.2006,0.19142,0.60138,0.4063,0.3409,0.2536,0.2383,0.2164,0.09618028
99,1988,3,01/03/1988,1,0,0.494,0.2031,0.20082,0.82278,0.3984,0.4386,0.2935,0.2749,0.2503,0.09837378
100,1988,4,01/04/1988,0.937,0.05,0.706,0.2056,0.21676,0.8879,0.3594,0.4511,0.4629,0.4536,0.4374,0.10056727
101,1988,5,01/05/1988,0.783,0.2,0.925,0.208,0.22318,0.64073,0.3438,0.406,0.6512,0.6781,0.6971,0.10276077
102,1988,6,01/06/1988,0.633,0.65,1.088,0.2105,0.2175,0.41889,0.3125,0.4436,0.8494,0.866,0.8725,0.10495426
103,1988,7,01/07/1988,0.4,1,0.994,0.2129,0.2044,0.23283,0.375,0.4211,0.9391,0.9439,0.9345,0.10714776
104,1988,8,01/08/1988,0.262,0.85,0.775,0.2153,0.1761,0.13234,0.3281,0.3559,0.845,0.8706,0.8854,0.10934125
105,1988,9,01/09/1988,0.257,0.4,0.563,0.2178,0.15781,0.08682,0.2578,0.3835,0.7054,0.7308,0.7474,0.11153475
106,1988,10,01/10/1988,0.445,0.35,0.35,0.2203,0.16041,0.11822,0.2109,0.3559,0.3898,0.3998,0.4035,0.11372824
107,1988,11,01/11/1988,0.653,0.2,0.144,0.2228,0.17363,0.19299,0.0859,0.3784,0.1728,0.1924,0.2117,0.11592174
108,1988,12,01/12/1988,0.834,0.25,0,0.2252,0.18858,0.19075,0.1328,0.5338,0.2813,0.2829,0.2807,0.11811523
109,1989,1,01/01/1989,0.937,0.1,0.088,0.2274,0.20712,0.50464,0.0859,0.3258,0.062,0.055,0.048,0.11902058
110,1989,2,01/02/1989,0.953,0.1,0.288,0.2296,0.21169,0.99308,0.2578,0.401,0.515,0.4926,0.4632,0.11992592
111,1989,3,01/03/1989,0.94,0,0.494,0.2318,0.22022,0.91697,0.2188,0.4762,0.3289,0.2978,0.262,0.12083126
112,1989,4,01/04/1989,0.866,0.05,0.706,0.234,0.24086,0.77946,0.2891,0.3484,0.5305,0.5223,0.5064,0.1217366
113,1989,5,01/05/1989,0.778,0.2,0.925,0.2362,0.24357,0.59848,0.2578,0.3609,0.6323,0.6449,0.6491,0.12264194
114,1989,6,01/06/1989,0.656,0.65,1.088,0.2384,0.23752,0.41402,0.3281,0.3158,0.8726,0.8832,0.883,0.12354729
115,1989,7,01/07/1989,0.428,1,0.994,0.2407,0.22046,0.24332,0.375,0.3534,0.9734,0.9794,0.9708,0.12445263
116,1989,8,01/08/1989,0.274,0.85,0.775,0.2429,0.19352,0.12425,0.3672,0.3258,0.9225,0.9473,0.9591,0.12535797
117,1989,9,01/09/1989,0.213,0.4,0.563,0.2451,0.17177,0.07633,0.3203,0.3283,0.7497,0.7801,0.8012,0.12626331
118,1989,10,01/10/1989,0.396,0.35,0.35,0.2473,0.17425,0.12014,0.2578,0.3584,0.5249,0.5498,0.5684,0.12716866
119,1989,11,01/11/1989,0.614,0.2,0.144,0.2495,0.18957,0.23269,0.2344,0.2957,0.1938,0.2005,0.2047,0.128074
120,1989,12,01/12/1989,0.801,0.25,0,0.2517,0.20638,0.23939,0.2656,0.4687,0.268,0.2761,0.2795,0.12897934
121,1990,1,01/01/1990,0.904,0.1,0.088,0.2539,0.21812,0.43484,0.2656,0.411,0.0764,0.079,0.0807,0.1317051
122,1990,2,01/02/1990,0.958,0.1,0.288,0.2562,0.23344,0.69611,0.2734,0.4536,0.0509,0.0378,0.0234,0.13443086
123,1990,3,01/03/1990,0.966,0,0.494,0.2584,0.24197,0.531,0.4609,0.7769,0.3333,0.3127,0.2865,0.13715662
124,1990,4,01/04/1990,0.859,0.05,0.706,0.2606,0.24913,0.52233,0.4609,0.4787,0.5581,0.5361,0.5041,0.13988239
125,1990,5,01/05/1990,0.739,0.2,0.925,0.2628,0.26162,0.49348,0.4141,0.411,0.7564,0.756,0.7439,0.14260815
126,1990,6,01/06/1990,0.591,0.65,1.088,0.265,0.24951,0.3724,0.3828,0.4236,0.8948,0.8946,0.8819,0.14533391
127,1990,7,01/07/1990,0.358,1,0.994,0.2672,0.23097,0.24806,0.4297,0.3133,0.9657,0.9714,0.9626,0.14805967
128,1990,8,01/08/1990,0.225,0.85,0.775,0.2695,0.20835,0.13484,0.4297,0.3684,0.8793,0.8992,0.9076,0.15078543
129,1990,9,01/09/1990,0.186,0.4,0.563,0.2717,0.18735,0.05931,0.4297,0.3709,0.6988,0.7251,0.7427,0.15351119
130,1990,10,01/10/1990,0.377,0.35,0.35,0.2739,0.19118,0.08669,0.4297,0.4035,0.5006,0.5178,0.5298,0.15623695
131,1990,11,01/11/1990,0.629,0.2,0.144,0.2761,0.2091,0.19897,0.3828,0.4561,0.2591,0.26,0.2561,0.15896271
132,1990,12,01/12/1990,0.789,0.25,0,0.2783,0.22467,0.31331,0.3203,0.4386,0.1628,0.1592,0.1532,0.16168848
133,1991,1,01/01/1991,0.884,0.1,0.088,0.2803,0.23097,0.63327,0.3984,0.4612,0.2558,0.2451,0.2316,0.16312728
134,1991,2,01/02/1991,0.941,0.1,0.288,0.2823,0.24197,0.75596,0.3594,0.4912,0.1739,0.1638,0.1497,0.16456608
135,1991,3,01/03/1991,0.958,0,0.494,0.2842,0.2605,0.73662,0.3906,0.3534,0.2558,0.2337,0.2058,0.16600488
136,1991,4,01/04/1991,0.91,0.05,0.706,0.2862,0.27818,0.75766,0.4219,0.4887,0.4784,0.4651,0.4433,0.16744369
137,1991,5,01/05/1991,0.791,0.2,0.925,0.2881,0.28398,0.62559,0.375,0.3509,0.7087,0.7354,0.7532,0.16888249
138,1991,6,01/06/1991,0.631,0.65,1.088,0.2901,0.27163,0.4105,0.4063,0.4185,0.8959,0.9015,0.8959,0.17032129
139,1991,7,01/07/1991,0.379,1,0.994,0.292,0.24802,0.28048,0.4297,0.3784,0.9103,0.9141,0.9041,0.17176009
140,1991,8,01/08/1991,0.244,0.85,0.775,0.294,0.21898,0.13895,0.3672,0.3609,0.8494,0.8499,0.8386,0.1731989
141,1991,9,01/09/1991,0.183,0.4,0.563,0.296,0.19896,0.07195,0.3047,0.3734,0.7309,0.7526,0.7649,0.1746377
142,1991,10,01/10/1991,0.378,0.35,0.35,0.2979,0.2002,0.06315,0.25,0.3559,0.5382,0.5452,0.5439,0.1760765
143,1991,11,01/11/1991,0.595,0.2,0.144,0.2999,0.21824,0.13001,0.2969,0.3634,0.2558,0.2566,0.2538,0.1775153
144,1991,12,01/12/1991,0.764,0.25,0,0.3019,0.23443,0.21894,0.2422,0.3283,0.1373,0.1478,0.1556,0.17895411
145,1992,1,01/01/1992,0.888,0.1,0.088,0.3041,0.24839,0.44176,0.2422,0.5664,0.1949,0.2188,0.2409,0.1805498
146,1992,2,01/02/1992,0.972,0.1,0.288,0.3063,0.25902,0.48544,0.2656,0.4887,0.1296,0.1283,0.1251,0.18214549
147,1992,3,01/03/1992,0.963,0,0.494,0.3085,0.26829,0.64435,0.3359,0.4336,0.3079,0.2944,0.276,0.18374118
148,1992,4,01/04/1992,0.908,0.05,0.706,0.3107,0.28349,0.65583,0.2656,0.2882,0.4496,0.4318,0.4082,0.18533688
149,1992,5,01/05/1992,0.785,0.2,0.925,0.313,0.28967,0.54475,0.2891,0.2957,0.6312,0.6289,0.6164,0.18693257
150,1992,6,01/06/1992,0.656,0.65,1.088,0.3152,0.28646,0.3531,0.2969,0.2331,0.8882,0.8946,0.8889,0.18852826
151,1992,7,01/07/1992,0.419,1,0.994,0.3173,0.25779,0.18941,0.2266,0.1805,0.9801,0.9691,0.9439,0.19012395
152,1992,8,01/08/1992,0.264,0.85,0.775,0.3196,0.2322,0.11697,0.1641,0.2281,0.8671,0.8832,0.8889,0.19171965
153,1992,9,01/09/1992,0.263,0.4,0.563,0.3218,0.20761,0.08772,0.1328,0.1554,0.6124,0.6403,0.6608,0.19331534
154,1992,10,01/10/1992,0.464,0.35,0.35,0.324,0.21218,0.08044,0.0938,0.208,0.4651,0.48,0.4889,0.19491103
155,1992,11,01/11/1992,0.639,0.2,0.144,0.3262,0.22454,0.18638,0.0859,0.2281,0.3422,0.3425,0.338,0.19650673
156,1992,12,01/12/1992,0.81,0.25,0,0.3284,0.23999,0.21192,0.1484,0.401,0.2348,0.2291,0.2187,0.19810242
157,1993,1,01/01/1993,0.916,0.1,0.088,0.3304,0.25766,0.2962,0.2344,0.4536,0.2569,0.2509,0.2409,0.1985372
158,1993,2,01/02/1993,0.975,0.1,0.288,0.3324,0.26149,0.39848,0.2578,0.4962,0.2979,0.2829,0.2632,0.19897198
159,1993,3,01/03/1993,0.989,0,0.494,0.3343,0.27583,0.50179,0.1953,0.4962,0.3167,0.3013,0.2807,0.19940676
160,1993,4,01/04/1993,0.924,0.05,0.706,0.3363,0.28571,0.44618,0.2734,0.3258,0.5017,0.4948,0.4807,0.19984154
161,1993,5,01/05/1993,0.784,0.2,0.925,0.3382,0.29708,0.42032,0.3359,0.3409,0.68,0.6919,0.6936,0.20027632
162,1993,6,01/06/1993,0.596,0.65,1.088,0.3401,0.2888,0.37347,0.3203,0.3308,0.8893,0.8992,0.8959,0.20071111
163,1993,7,01/07/1993,0.337,1,0.994,0.3421,0.26174,0.2205,0.2344,0.2982,1,1,0.986,0.20114589
164,1993,8,01/08/1993,0.205,0.85,0.775,0.344,0.24086,0.05319,0.1797,0.2932,0.8295,0.8591,0.8784,0.20158067
165,1993,9,01/09/1993,0.189,0.4,0.563,0.346,0.22096,0,0.1875,0.2356,0.7021,0.732,0.752,0.20201545
166,1993,10,01/10/1993,0.405,0.35,0.35,0.348,0.22207,0.07749,0.1641,0.3008,0.5759,0.6048,0.6281,0.20245023
167,1993,11,01/11/1993,0.621,0.2,0.144,0.35,0.23801,0.25444,0.2031,0.1078,0.392,0.3895,0.3813,0.20288501
168,1993,12,01/12/1993,0.789,0.25,0,0.3519,0.25655,0.49142,0.1953,0.416,0.2802,0.299,0.3146,0.20331979
169,1994,1,01/01/1994,0.911,0.1,0.088,0.3539,0.27299,0.32314,0.2188,0.391,0.2458,0.252,0.255,0.20537338
170,1994,2,01/02/1994,0.967,0.1,0.288,0.3559,0.28139,0.38816,0.2578,0.1504,0.2481,0.2463,0.2421,0.20742698
171,1994,3,01/03/1994,0.97,0,0.494,0.3579,0.29461,0.59107,0.2734,0.4987,0.2193,0.2085,0.193,0.20948057
172,1994,4,01/04/1994,0.914,0.05,0.706,0.3599,0.30994,0.73926,0.3359,0.4261,0.4286,0.4238,0.4129,0.21153416
173,1994,5,01/05/1994,0.805,0.2,0.925,0.3618,0.31513,0.45096,0.2969,0.4261,0.66,0.6793,0.6889,0.21358775
174,1994,6,01/06/1994,0.633,0.65,1.088,0.3638,0.30475,0.39379,0.3203,0.4311,0.845,0.8568,0.8561,0.21564134
175,1994,7,01/07/1994,0.393,1,0.994,0.3658,0.28707,0.25159,0.3672,0.3459,0.9756,0.9714,0.9532,0.21769493
176,1994,8,01/08/1994,0.242,0.85,0.775,0.3678,0.26335,0.08021,0.3906,0.3484,0.887,0.9118,0.9251,0.21974852
177,1994,9,01/09/1994,0.237,0.4,0.563,0.3697,0.24197,0.01621,0.3594,0.3584,0.6822,0.7148,0.738,0.22180212
178,1994,10,01/10/1994,0.419,0.35,0.35,0.3716,0.24617,0.0745,0.4297,0.4411,0.4518,0.4731,0.4889,0.22385571
179,1994,11,01/11/1994,0.635,0.2,0.144,0.3736,0.26421,0.24645,0.3828,0.4561,0.2503,0.2509,0.2491,0.2259093
180,1994,12,01/12/1994,0.79,0.25,0,0.3755,0.28213,0.45029,0.3906,0.3634,0.2038,0.2039,0.2,0.22796289
181,1995,1,01/01/1995,0.903,0.1,0.088,0.3775,0.29375,0.35007,0.4219,0.5664,0.2436,0.2474,0.2468,0.23130803
182,1995,2,01/02/1995,0.954,0.1,0.288,0.3795,0.30536,0.37789,0.4453,0.7744,0.2425,0.2291,0.2105,0.23465317
183,1995,3,01/03/1995,0.951,0,0.494,0.3815,0.31735,0.49982,0.4063,0.5088,0.2447,0.2165,0.1836,0.23799831
184,1995,4,01/04/1995,0.869,0.05,0.706,0.3834,0.33552,0.64623,0.4609,0.4536,0.5194,0.5143,0.5018,0.24134345
185,1995,5,01/05/1995,0.739,0.2,0.925,0.3854,0.34034,0.4816,0.3672,0.391,0.7254,0.7434,0.752,0.24468859
186,1995,6,01/06/1995,0.568,0.65,1.088,0.3874,0.33416,0.38526,0.4063,0.4662,0.8605,0.8786,0.8854,0.24803373
187,1995,7,01/07/1995,0.326,1,0.994,0.3894,0.315,0.23993,0.4375,0.3634,0.9424,0.953,0.9509,0.25137887
188,1995,8,01/08/1995,0.198,0.85,0.775,0.3914,0.28386,0.10724,0.4766,0.4561,0.8549,0.8694,0.8725,0.25472401
189,1995,9,01/09/1995,0.176,0.4,0.563,0.3933,0.27212,0.03247,0.3906,0.4085,0.7829,0.8053,0.8175,0.25806915
190,1995,10,01/10/1995,0.312,0.35,0.35,0.3953,0.2699,0.0745,0.3906,0.4762,0.5238,0.5533,0.5766,0.26141428
191,1995,11,01/11/1995,0.576,0.2,0.144,0.3973,0.28794,0.22483,0.3906,0.4612,0.3477,0.3585,0.3637,0.26475942
192,1995,12,01/12/1995,0.755,0.25,0,0.3993,0.30314,0.40911,0.3516,0.4085,0.2137,0.2257,0.2351,0.26810456
193,1996,1,01/01/1996,0.848,0.1,0.088,0.4012,0.32032,0.37695,0.3438,0.2957,0.2403,0.2337,0.2246,0.26884111
194,1996,2,01/02/1996,0.92,0.1,0.288,0.4032,0.33478,0.36757,0.3594,0.4962,0.2292,0.205,0.1778,0.26957766
195,1996,3,01/03/1996,0.913,0,0.494,0.4052,0.34627,0.40862,0.3438,0.3258,0.3887,0.3517,0.3076,0.27031421
196,1996,4,01/04/1996,0.862,0.05,0.706,0.4072,0.35121,0.55315,0.3359,0.2531,0.4275,0.4032,0.3708,0.27105076
197,1996,5,01/05/1996,0.772,0.2,0.925,0.4091,0.35813,0.51219,0.3281,0.4035,0.7054,0.7136,0.7123,0.2717873
198,1996,6,01/06/1996,0.646,0.65,1.088,0.4111,0.35554,0.37673,0.3594,0.3383,0.8904,0.8992,0.8947,0.27252385
199,1996,7,01/07/1996,0.438,1,0.994,0.4131,0.33861,0.22832,0.3203,0.381,0.948,0.9519,0.9439,0.2732604
200,1996,8,01/08/1996,0.289,0.85,0.775,0.4151,0.31191,0.13426,0.375,0.3058,0.8106,0.827,0.8316,0.27399695
201,1996,9,01/09/1996,0.279,0.4,0.563,0.417,0.28905,0.04868,0.3359,0.2531,0.6545,0.6838,0.7053,0.2747335
202,1996,10,01/10/1996,0.446,0.35,0.35,0.419,0.28955,0.12863,0.2344,0.2456,0.4109,0.3986,0.3801,0.27547004
203,1996,11,01/11/1996,0.554,0.2,0.144,0.421,0.30573,0.20322,0.2813,0.3258,0.3909,0.3895,0.3825,0.27620659
204,1996,12,01/12/1996,0.75,0.25,0,0.423,0.32242,0.36798,0.2969,0.4085,0.258,0.2623,0.2632,0.27694314
205,1997,1,01/01/1997,0.869,0.1,0.088,0.4252,0.33292,0.40389,0.2813,0.4185,0.1927,0.1844,0.1731,0.27682015
206,1997,2,01/02/1997,0.96,0.1,0.288,0.4274,0.34454,0.35726,0.3438,0.4887,0.2458,0.2474,0.2456,0.27669717
207,1997,3,01/03/1997,0.948,0,0.494,0.4296,0.35047,0.31737,0.3906,0.5213,0.2403,0.2199,0.1953,0.27657418
208,1997,4,01/04/1997,0.884,0.05,0.706,0.4318,0.37321,0.46012,0.3828,0.4511,0.4972,0.4742,0.4433,0.27645119
209,1997,5,01/05/1997,0.768,0.2,0.925,0.434,0.37679,0.54283,0.4531,0.3784,0.68,0.6896,0.6912,0.27632821
210,1997,6,01/06/1997,0.591,0.65,1.088,0.4362,0.36382,0.3682,0.5,0.4135,0.887,0.8981,0.8959,0.27620522
211,1997,7,01/07/1997,0.356,1,0.994,0.4385,0.348,0.21666,0.5391,0.3684,0.9402,0.945,0.938,0.27608223
212,1997,8,01/08/1997,0.233,0.85,0.775,0.4407,0.32254,0.11331,0.5313,0.4085,0.8782,0.9084,0.9287,0.27595925
213,1997,9,01/09/1997,0.216,0.4,0.563,0.4429,0.29832,0.0665,0.5391,0.416,0.7597,0.795,0.8222,0.27583626
214,1997,10,01/10/1997,0.353,0.35,0.35,0.4451,0.30487,0.06771,0.5469,0.4662,0.4707,0.4914,0.5064,0.27571327
215,1997,11,01/11/1997,0.58,0.2,0.144,0.4473,0.32551,0.1816,0.5781,0.3835,0.4507,0.4525,0.4468,0.27559029
216,1997,12,01/12/1997,0.768,0.25,0,0.4495,0.34886,0.44667,0.5156,0.4286,0.2182,0.2279,0.2351,0.2754673
217,1998,1,01/01/1998,0.905,0.1,0.088,0.4512,0.35986,0.46556,0.5313,0.4286,0.1705,0.1741,0.1766,0.27539775
218,1998,2,01/02/1998,0.989,0.1,0.288,0.4529,0.36864,0.69982,0.5234,0.7368,0.2337,0.2291,0.2211,0.2753282
219,1998,3,01/03/1998,0.971,0,0.494,0.4547,0.38421,0.78624,0.5469,0.4737,0.392,0.3883,0.3778,0.27525864
220,1998,4,01/04/1998,0.909,0.05,0.706,0.4564,0.40175,0.7628,0.5547,0.5865,0.5659,0.5727,0.5708,0.27518909
221,1998,5,01/05/1998,0.782,0.2,0.925,0.4581,0.41115,0.65828,0.5313,0.4987,0.6844,0.7033,0.7146,0.27511954
222,1998,6,01/06/1998,0.589,0.65,1.088,0.4598,0.40583,0.44864,0.6016,0.5063,0.8738,0.8969,0.9076,0.27504999
223,1998,7,01/07/1998,0.352,1,0.994,0.4615,0.39137,0.29223,0.5781,0.5414,0.9845,0.9908,0.9825,0.27498044
224,1998,8,01/08/1998,0.198,0.85,0.775,0.4632,0.36826,0.17066,0.5859,0.5414,0.8538,0.8889,0.9135,0.27491088
225,1998,9,01/09/1998,0.164,0.4,0.563,0.4649,0.34441,0.12698,0.4609,0.4812,0.7542,0.7858,0.807,0.27484133
226,1998,10,01/10/1998,0.374,0.35,0.35,0.4666,0.34911,0.14038,0.4219,0.4361,0.5714,0.5911,0.6047,0.27477178
227,1998,11,01/11/1998,0.563,0.2,0.144,0.4683,0.36295,0.23644,0.4609,0.3333,0.4264,0.4422,0.4526,0.27470223
228,1998,12,01/12/1998,0.74,0.25,0,0.47,0.38285,0.33971,0.4063,0.6065,0.3034,0.3024,0.2982,0.27463268
229,1999,1,01/01/1999,0.887,0.1,0.088,0.472,0.39582,0.50366,0.3203,0.5514,0.1628,0.1397,0.1158,0.27588714
230,1999,2,01/02/1999,0.961,0.1,0.288,0.474,0.40744,0.79375,0.3516,0.792,0.175,0.1707,0.1637,0.27714161
231,1999,3,01/03/1999,0.969,0,0.494,0.476,0.41436,0.80085,0.3828,0.3208,0.2381,0.2245,0.207,0.27839607
232,1999,4,01/04/1999,0.935,0.05,0.706,0.478,0.43055,0.71505,0.3438,0.5213,0.4252,0.4101,0.3895,0.27965054
233,1999,5,01/05/1999,0.805,0.2,0.925,0.4799,0.43018,0.65569,0.3203,0.4386,0.6755,0.693,0.7018,0.280905
234,1999,6,01/06/1999,0.595,0.65,1.088,0.4819,0.42202,0.39924,0.3203,0.4135,0.8815,0.8946,0.8947,0.28215947
235,1999,7,01/07/1999,0.36,1,0.994,0.4839,0.41152,0.23484,0.2969,0.4311,0.9513,0.9588,0.9532,0.28341394
236,1999,8,01/08/1999,0.204,0.85,0.775,0.4859,0.38,0.13595,0.3359,0.3935,0.8948,0.9141,0.9228,0.2846684
237,1999,9,01/09/1999,0.164,0.4,0.563,0.4878,0.35418,0.06722,0.3438,0.4085,0.7564,0.7766,0.7871,0.28592287
238,1999,10,01/10/1999,0.385,0.35,0.35,0.4898,0.3611,0.10554,0.3047,0.4361,0.4817,0.5109,0.5357,0.28717733
239,1999,11,01/11/1999,0.596,0.2,0.144,0.4918,0.37778,0.24627,0.2969,0.4712,0.309,0.3116,0.3099,0.2884318
240,1999,12,01/12/1999,0.747,0.25,0,0.4938,0.39483,0.23269,0.2813,0.6642,0.1417,0.1443,0.1439,0.28968626
241,2000,1,01/01/2000,0.861,0.1,0.088,0.4957,0.40954,0.42247,0.2734,0.4336,0.2381,0.2371,0.2327,0.29082087
242,2000,2,01/02/2000,0.93,0.1,0.288,0.4977,0.41275,0.41501,0.3828,0.619,0.2846,0.2887,0.2877,0.29195548
243,2000,3,01/03/2000,0.936,0,0.494,0.4997,0.42573,0.56753,0.3906,0.6115,0.2957,0.2932,0.2877,0.29309009
244,2000,4,01/04/2000,0.887,0.05,0.706,0.5017,0.44081,0.56704,0.3828,0.6792,0.4408,0.4238,0.4012,0.2942247
245,2000,5,01/05/2000,0.768,0.2,0.925,0.5036,0.43784,0.51251,0.3828,0.5113,0.5969,0.6082,0.6105,0.29535931
246,2000,6,01/06/2000,0.578,0.65,1.088,0.5056,0.43932,0.38754,0.3516,0.4261,0.9014,0.9141,0.9135,0.29649392
247,2000,7,01/07/2000,0.346,1,0.994,0.5076,0.41658,0.2059,0.4063,0.4236,0.9136,0.9301,0.9333,0.29762853
248,2000,8,01/08/2000,0.206,0.85,0.775,0.5096,0.39521,0.10264,0.4453,0.4386,0.8261,0.8591,0.8819,0.29876314
249,2000,9,01/09/2000,0.169,0.4,0.563,0.5115,0.38124,0.0448,0.4375,0.3759,0.7021,0.7354,0.7591,0.29989775
250,2000,10,01/10/2000,0.372,0.35,0.35,0.5135,0.38161,0.10554,0.4063,0.2857,0.5116,0.5269,0.5357,0.30103236
251,2000,11,01/11/2000,0.562,0.2,0.144,0.5155,0.39817,0.42599,0.3672,0.2481,0.3776,0.3952,0.4094,0.30216697
252,2000,12,01/12/2000,0.744,0.25,0,0.5175,0.41424,0.41032,0.3828,0.3033,0.3178,0.3402,0.3602,0.30330158
253,2001,1,01/01/2001,0.865,0.1,0.088,0.5194,0.42561,0.54283,0.3359,0.4662,0.3134,0.331,0.345,0.30309541
254,2001,2,01/02/2001,0.941,0.1,0.288,0.5214,0.43697,0.88383,0.3672,0.3835,0.3787,0.3711,0.3579,0.30288924
255,2001,3,01/03/2001,0.977,0,0.494,0.5233,0.44871,0.76543,0.4219,0.6291,0.247,0.2428,0.2351,0.30268307
256,2001,4,01/04/2001,0.926,0.05,0.706,0.5253,0.45996,0.73122,0.3984,0.5338,0.4485,0.4387,0.4211,0.3024769
257,2001,5,01/05/2001,0.781,0.2,0.925,0.5272,0.46577,0.61215,0.4219,0.5815,0.5592,0.5659,0.5649,0.30227073
258,2001,6,01/06/2001,0.581,0.65,1.088,0.5292,0.45811,0.41907,0.4688,0.4411,0.8782,0.8877,0.8865,0.30206456
259,2001,7,01/07/2001,0.338,1,0.994,0.5311,0.43685,0.2339,0.5469,0.4787,0.9291,0.9416,0.9427,0.30185839
260,2001,8,01/08/2001,0.22,0.85,0.775,0.5331,0.41349,0.1469,0.5391,0.5088,0.8394,0.8706,0.8924,0.30165222
261,2001,9,01/09/2001,0.19,0.4,0.563,0.535,0.39582,0.10165,0.5234,0.4461,0.7497,0.7824,0.8058,0.30144605
262,2001,10,01/10/2001,0.369,0.35,0.35,0.5369,0.39916,0.11822,0.5234,0.4286,0.4529,0.4765,0.4947,0.30123988
263,2001,11,01/11/2001,0.581,0.2,0.144,0.5389,0.41535,0.22957,0.4766,0.6892,0.3544,0.3631,0.3673,0.30103371
264,2001,12,01/12/2001,0.708,0.25,0,0.5408,0.43364,0.47611,0.4922,0.4887,0.2492,0.252,0.2526,0.30082754
265,2002,1,01/01/2002,0.857,0.1,0.088,0.5428,0.44958,0.58388,0.4063,0.7018,0.2259,0.2245,0.2199,0.3022052
266,2002,2,01/02/2002,0.958,0.1,0.288,0.5448,0.45786,0.75051,0.3906,0.8271,0.2237,0.2314,0.2363,0.30358286
267,2002,3,01/03/2002,0.958,0,0.494,0.5468,0.46923,0.7021,0.5078,0.7168,0.423,0.4021,0.3754,0.30496051
268,2002,4,01/04/2002,0.87,0.05,0.706,0.5487,0.48035,0.67526,0.4609,0.4185,0.464,0.441,0.4105,0.30633817
269,2002,5,01/05/2002,0.762,0.2,0.925,0.5507,0.4895,0.56083,0.4766,0.4135,0.722,0.7297,0.7263,0.30771583
270,2002,6,01/06/2002,0.59,0.65,1.088,0.5527,0.48653,0.36253,0.5313,0.4862,0.8671,0.8774,0.876,0.30909348
271,2002,7,01/07/2002,0.351,1,0.994,0.5547,0.46787,0.25127,0.4531,0.5338,0.9369,0.9404,0.9298,0.31047114
272,2002,8,01/08/2002,0.166,0.85,0.775,0.5566,0.44118,0.09643,0.4688,0.4612,0.8505,0.8706,0.8795,0.3118488
273,2002,9,01/09/2002,0.141,0.4,0.563,0.5586,0.42758,0.05766,0.5,0.4737,0.7685,0.8018,0.8257,0.31322645
274,2002,10,01/10/2002,0.333,0.35,0.35,0.5606,0.42511,0.01335,0.5156,0.3358,0.5803,0.6071,0.6269,0.31460411
275,2002,11,01/11/2002,0.552,0.2,0.144,0.5626,0.44612,0.11505,0.5078,0.5163,0.4618,0.4834,0.4982,0.31598177
276,2002,12,01/12/2002,0.716,0.25,0,0.5646,0.46515,0.228,0.5313,0.3233,0.3466,0.3631,0.3743,0.31735943
277,2003,1,01/01/2003,0.86,0.1,0.088,0.5665,0.47862,0.46766,0.4766,0.6391,0.3145,0.3104,0.3018,0.32190605
278,2003,2,01/02/2003,0.942,0.1,0.288,0.5685,0.48801,0.5724,0.3984,0.4887,0.2547,0.2692,0.2807,0.32645267
279,2003,3,01/03/2003,0.958,0,0.494,0.5705,0.49802,0.6632,0.4844,0.4862,0.2913,0.2761,0.2561,0.3309993
280,2003,4,01/04/2003,0.875,0.05,0.706,0.5725,0.51384,0.7456,0.4609,0.4762,0.5172,0.5109,0.4971,0.33554592
281,2003,5,01/05/2003,0.738,0.2,0.925,0.5744,0.52459,0.64225,0.5313,0.5063,0.6545,0.6827,0.7018,0.34009254
282,2003,6,01/06/2003,0.583,0.65,1.088,0.5764,0.52064,0.45824,0.5313,0.4085,0.887,0.8981,0.8971,0.34463917
283,2003,7,01/07/2003,0.326,1,0.994,0.5784,0.50111,0.25494,0.6094,0.4486,0.928,0.9416,0.9439,0.34918579
284,2003,8,01/08/2003,0.184,0.85,0.775,0.5804,0.47244,0.13711,0.6719,0.5313,0.8439,0.8706,0.8877,0.35373241
285,2003,9,01/09/2003,0.143,0.4,0.563,0.5823,0.45749,0.08245,0.6719,0.4812,0.7099,0.7411,0.7626,0.35827904
286,2003,10,01/10/2003,0.311,0.35,0.35,0.5843,0.45712,0.14435,0.6641,0.589,0.6035,0.6357,0.6608,0.36282566
287,2003,11,01/11/2003,0.536,0.2,0.144,0.5863,0.4759,0.1536,0.6172,0.4185,0.3898,0.3918,0.3883,0.36737228
288,2003,12,01/12/2003,0.73,0.25,0,0.5883,0.49234,0.36717,0.5469,0.6917,0.2614,0.2738,0.2819,0.37191891
289,2004,1,01/01/2004,0.857,0.1,0.088,0.5902,0.50482,0.57539,0.5,0.5113,0.2602,0.2635,0.2632,0.37720344
290,2004,2,01/02/2004,0.916,0.1,0.288,0.5922,0.51557,0.60071,0.5,0.6591,0.1595,0.1672,0.1731,0.38248797
291,2004,3,01/03/2004,0.921,0,0.494,0.5942,0.52805,0.65543,0.4844,0.6416,0.2602,0.2463,0.2292,0.3877725
292,2004,4,01/04/2004,0.849,0.05,0.706,0.5962,0.54622,0.61737,0.5313,0.4712,0.4839,0.4777,0.4643,0.39305703
293,2004,5,01/05/2004,0.741,0.2,0.925,0.5981,0.54956,0.65159,0.4766,0.4085,0.6977,0.7194,0.7333,0.39834156
294,2004,6,01/06/2004,0.594,0.65,1.088,0.6001,0.53806,0.39991,0.5078,0.391,0.9502,0.9588,0.9544,0.40362609
295,2004,7,01/07/2004,0.357,1,0.994,0.6021,0.51063,0.23649,0.6094,0.3734,0.9945,0.9989,0.9883,0.40891062
296,2004,8,01/08/2004,0.197,0.85,0.775,0.604,0.49259,0.1234,0.6406,0.3709,0.9402,0.9542,0.9544,0.41419516
297,2004,9,01/09/2004,0.172,0.4,0.563,0.606,0.47084,0.05333,0.625,0.4311,0.7065,0.7377,0.7591,0.41947969
298,2004,10,01/10/2004,0.347,0.35,0.35,0.608,0.47343,0.13569,0.6094,0.4461,0.5515,0.5842,0.6105,0.42476422
299,2004,11,01/11/2004,0.569,0.2,0.144,0.6099,0.49444,0.19996,0.5938,0.6692,0.3887,0.3986,0.4035,0.43004875
300,2004,12,01/12/2004,0.746,0.25,0,0.6119,0.51112,0.23475,0.4766,0.3985,0.2757,0.2749,0.2713,0.43533328
301,2005,1,01/01/2005,0.828,0.1,0.088,0.6138,0.52286,0.34113,0.5625,0.5489,0.2879,0.2887,0.2842,0.43925195
302,2005,2,01/02/2005,0.865,0.1,0.288,0.6158,0.53856,0.54011,0.5391,0.4211,0.2481,0.252,0.2526,0.44317063
303,2005,3,01/03/2005,0.899,0,0.494,0.6178,0.55141,0.69446,0.5469,0.6341,0.3511,0.3505,0.345,0.4470893
304,2005,4,01/04/2005,0.855,0.05,0.706,0.6197,0.57019,0.7184,0.5625,0.619,0.4596,0.4433,0.4211,0.45100797
305,2005,5,01/05/2005,0.737,0.2,0.925,0.6216,0.57217,0.55243,0.6094,0.5063,0.6977,0.7228,0.738,0.45492664
306,2005,6,01/06/2005,0.557,0.65,1.088,0.6236,0.5692,0.35382,0.625,0.5038,0.8893,0.9003,0.8994,0.45884532
307,2005,7,01/07/2005,0.304,1,0.994,0.6255,0.55104,0.19553,0.6641,0.5038,0.9347,0.9404,0.9333,0.46276399
308,2005,8,01/08/2005,0.157,0.85,0.775,0.6275,0.52632,0.09022,0.6719,0.4511,0.9092,0.9267,0.9322,0.46668266
309,2005,9,01/09/2005,0.144,0.4,0.563,0.6294,0.50111,0.02809,0.6406,0.5764,0.7287,0.7766,0.8175,0.47060134
310,2005,10,01/10/2005,0.293,0.35,0.35,0.6314,0.50482,0.14167,0.5781,0.5815,0.5426,0.5704,0.593,0.47452001
311,2005,11,01/11/2005,0.556,0.2,0.144,0.6333,0.5215,0.24632,0.5469,0.6742,0.2669,0.2761,0.2819,0.47843868
312,2005,12,01/12/2005,0.709,0.25,0,0.6353,0.54325,0.29728,0.4922,0.584,0.33,0.3425,0.3509,0.48235736
313,2006,1,01/01/2006,0.804,0.1,0.088,0.6372,0.55895,0.78754,0.4531,0.4185,0.1761,0.181,0.1825,0.48663537
314,2006,2,01/02/2006,0.865,0.1,0.288,0.6392,0.56908,0.81402,0.4922,0.6341,0.33,0.3162,0.2971,0.49091337
315,2006,3,01/03/2006,0.88,0,0.494,0.6412,0.57489,0.72573,0.4375,0.599,0.2159,0.205,0.1906,0.49519138
316,2006,4,01/04/2006,0.838,0.05,0.706,0.6432,0.59886,0.71009,0.4375,0.4737,0.3843,0.3757,0.3602,0.49946939
317,2006,5,01/05/2006,0.7,0.2,0.925,0.6451,0.60405,0.55449,0.5234,0.5138,0.6788,0.6999,0.7111,0.5037474
318,2006,6,01/06/2006,0.522,0.65,1.088,0.6471,0.59194,0.44011,0.5469,0.5739,0.8671,0.8877,0.8959,0.50802541
319,2006,7,01/07/2006,0.294,1,0.994,0.6491,0.57229,0.25172,0.5938,0.4887,0.9136,0.9324,0.9392,0.51230342
320,2006,8,01/08/2006,0.165,0.85,0.775,0.6511,0.54696,0.11371,0.625,0.4962,0.8261,0.8511,0.8655,0.51658143
321,2006,9,01/09/2006,0.139,0.4,0.563,0.653,0.52768,0.08062,0.6641,0.4937,0.7852,0.8121,0.8281,0.52085944
322,2006,10,01/10/2006,0.295,0.35,0.35,0.655,0.53114,0.2134,0.6719,0.5263,0.5891,0.6266,0.6573,0.52513745
323,2006,11,01/11/2006,0.498,0.2,0.144,0.657,0.54412,0.17959,0.6875,0.4862,0.3511,0.3562,0.3567,0.52941545
324,2006,12,01/12/2006,0.675,0.25,0,0.659,0.56438,0.39259,0.6328,0.7068,0.3056,0.3207,0.3322,0.53369346
325,2007,1,01/01/2007,0.822,0.1,0.088,0.6612,0.57761,0.53305,0.6094,0.8697,0.2481,0.2497,0.248,0.54070344
326,2007,2,01/02/2007,0.885,0.1,0.288,0.6634,0.59009,0.78455,0.5625,0.5564,0.2492,0.2428,0.2327,0.54771342
327,2007,3,01/03/2007,0.883,0,0.494,0.6656,0.59849,0.68866,0.5,0.604,0.1816,0.1661,0.1474,0.55472339
328,2007,4,01/04/2007,0.82,0.05,0.706,0.6678,0.62222,0.58151,0.4922,0.6742,0.5138,0.5132,0.5053,0.56173337
329,2007,5,01/05/2007,0.728,0.2,0.925,0.67,0.62296,0.57834,0.4063,0.5689,0.6401,0.6483,0.6468,0.56874334
330,2007,6,01/06/2007,0.505,0.65,1.088,0.6722,0.61728,0.35176,0.4922,0.4912,0.8815,0.8958,0.8994,0.57575332
331,2007,7,01/07/2007,0.237,1,0.994,0.6745,0.5975,0.21072,0.5313,0.4962,0.9745,0.9794,0.9696,0.5827633
332,2007,8,01/08/2007,0.068,0.85,0.775,0.6767,0.56649,0.10536,0.5234,0.5313,0.9192,0.9255,0.9181,0.58977327
333,2007,9,01/09/2007,0.036,0.4,0.563,0.6789,0.55376,0.06494,0.5078,0.4987,0.7697,0.795,0.8117,0.59678325
334,2007,10,01/10/2007,0.167,0.35,0.35,0.6811,0.55573,0.18263,0.5,0.5288,0.5194,0.5498,0.5731,0.60379322
335,2007,11,01/11/2007,0.492,0.2,0.144,0.6833,0.57217,0.28924,0.4219,0.584,0.4507,0.4708,0.4854,0.6108032
336,2007,12,01/12/2007,0.676,0.25,0,0.6855,0.59058,0.27561,0.4063,0.5614,0.3189,0.3242,0.3251,0.61781317
337,2008,1,01/01/2008,0.861,0.1,0.088,0.6875,0.61011,0.53037,0.3828,0.2782,0.1894,0.189,0.186,0.6238725
338,2008,2,01/02/2008,0.94,0.1,0.288,0.6895,0.61382,0.74551,0.3438,0.4361,0.2049,0.1936,0.1789,0.62993182
339,2008,3,01/03/2008,0.968,0,0.494,0.6914,0.61641,0.73153,0.3594,0.8546,0.2237,0.2176,0.2094,0.63599115
340,2008,4,01/04/2008,0.903,0.05,0.706,0.6934,0.62951,0.63729,0.4141,0.5113,0.4862,0.4731,0.4538,0.64205047
341,2008,5,01/05/2008,0.769,0.2,0.925,0.6954,0.64743,0.41706,0.4375,0.4962,0.67,0.6953,0.7123,0.6481098
342,2008,6,01/06/2008,0.56,0.65,1.088,0.6974,0.63779,0.33649,0.5,0.4912,0.8837,0.8946,0.8947,0.65416912
343,2008,7,01/07/2008,0.318,1,0.994,0.6993,0.62049,0.21492,0.5625,0.4637,0.9313,0.9404,0.9357,0.66022844
344,2008,8,01/08/2008,0.12,0.85,0.775,0.7013,0.59244,0.0983,0.5625,0.4637,0.8272,0.8499,0.862,0.66628777
345,2008,9,01/09/2008,0.074,0.4,0.563,0.7033,0.58131,0.04582,0.5547,0.4236,0.7287,0.748,0.7591,0.67234709
346,2008,10,01/10/2008,0.292,0.35,0.35,0.7053,0.57884,0.09567,0.5547,0.5764,0.4906,0.4971,0.4971,0.67840642
347,2008,11,01/11/2008,0.578,0.2,0.144,0.7073,0.59367,0.24381,0.5078,0.6391,0.3522,0.3562,0.3556,0.68446574
348,2008,12,01/12/2008,0.745,0.25,0,0.7092,0.6106,0.30183,0.4609,0.4737,0.3156,0.3116,0.3029,0.69052506
349,2009,1,01/01/2009,0.862,0.1,0.088,0.7112,0.62766,0.91862,0.4531,0.5614,0.2049,0.1913,0.1731,0.6870037
350,2009,2,01/02/2009,0.94,0.1,0.288,0.7132,0.63433,0.94694,0.375,0.5589,0.2315,0.2062,0.1754,0.68348233
351,2009,3,01/03/2009,0.959,0,0.494,0.7152,0.65089,0.77405,0.375,0.5263,0.2071,0.2005,0.1906,0.67996096
352,2009,4,01/04/2009,0.915,0.05,0.706,0.7171,0.65991,0.64712,0.4297,0.5514,0.4574,0.4525,0.4409,0.67643959
353,2009,5,01/05/2009,0.789,0.2,0.925,0.7191,0.6672,0.5678,0.4844,0.4436,0.6899,0.7102,0.7216,0.67291822
354,2009,6,01/06/2009,0.595,0.65,1.088,0.7211,0.65905,0.3682,0.6406,0.4586,0.8605,0.8797,0.8877,0.66939686
355,2009,7,01/07/2009,0.323,1,0.994,0.7231,0.64113,0.21117,0.6953,0.4311,0.9668,0.9714,0.9614,0.66587549
356,2009,8,01/08/2009,0.152,0.85,0.775,0.725,0.6174,0.09366,0.7031,0.4536,0.8605,0.882,0.8912,0.66235412
357,2009,9,01/09/2009,0.117,0.4,0.563,0.727,0.60047,0.05967,0.6016,0.5689,0.7254,0.756,0.7754,0.65883275
358,2009,10,01/10/2009,0.246,0.35,0.35,0.729,0.59664,0.15333,0.6094,0.4687,0.5725,0.6082,0.6363,0.65531138
359,2009,11,01/11/2009,0.518,0.2,0.144,0.731,0.61629,0.38298,0.6016,0.4862,0.2913,0.3036,0.3123,0.65179002
360,2009,12,01/12/2009,0.712,0.25,0,0.7329,0.63359,0.35833,0.6797,0.3784,0.3178,0.3242,0.3263,0.64826865
361,2010,1,01/01/2010,0.838,0.1,0.088,0.7352,0.64953,0.67128,0.6172,0.5238,0.1761,0.1753,0.1719,0.65440694
362,2010,2,01/02/2010,0.918,0.1,0.288,0.7374,0.66794,0.93484,0.6719,0.5514,0.258,0.2623,0.262,0.66054524
363,2010,3,01/03/2010,0.968,0,0.494,0.7396,0.67993,0.83024,0.6094,0.6817,0.2702,0.2566,0.2386,0.66668354
364,2010,4,01/04/2010,0.909,0.05,0.706,0.7418,0.69587,0.72456,0.6641,0.6516,0.5271,0.5189,0.5029,0.67282183
365,2010,5,01/05/2010,0.737,0.2,0.925,0.744,0.70255,0.59786,0.6094,0.589,0.6589,0.6793,0.6912,0.67896013
366,2010,6,01/06/2010,0.519,0.65,1.088,0.7462,0.69204,0.46445,0.6016,0.5865,0.8671,0.882,0.8842,0.68509843
367,2010,7,01/07/2010,0.275,1,0.994,0.7484,0.66794,0.27276,0.6797,0.5815,0.928,0.9439,0.9474,0.69123673
368,2010,8,01/08/2010,0.128,0.85,0.775,0.7506,0.64508,0.14256,0.6641,0.5764,0.8959,0.9187,0.9287,0.69737502
369,2010,9,01/09/2010,0.081,0.4,0.563,0.7529,0.62654,0.09116,0.5938,0.4812,0.7829,0.7938,0.7953,0.70351332
370,2010,10,01/10/2010,0.267,0.35,0.35,0.7551,0.63136,0.16954,0.5,0.5764,0.5437,0.575,0.6,0.70965162
371,2010,11,01/11/2010,0.524,0.2,0.144,0.7573,0.64904,0.23484,0.5156,0.7669,0.4452,0.4685,0.4877,0.71578991
372,2010,12,01/12/2010,0.698,0.25,0,0.7595,0.66288,0.3067,0.4766,0.4135,0.1883,0.1913,0.1906,0.72192821
373,2011,1,01/01/2011,0.82,0.1,0.088,0.7614,0.68191,0.39232,0.4844,0.4035,0.2769,0.2738,0.2667,0.72980318
374,2011,2,01/02/2011,0.901,0.1,0.288,0.7634,0.68846,0.53573,0.4141,0.4211,0.3112,0.2841,0.2515,0.73767815
375,2011,3,01/03/2011,0.907,0,0.494,0.7654,0.6976,0.38656,0.4609,0.5639,0.3378,0.3162,0.2889,0.74555312
376,2011,4,01/04/2011,0.874,0.05,0.706,0.7673,0.70564,0.61295,0.3984,0.619,0.423,0.3975,0.3649,0.75342809
377,2011,5,01/05/2011,0.725,0.2,0.925,0.7693,0.71725,0.57463,0.4609,0.5063,0.6656,0.6781,0.6819,0.76130307
378,2011,6,01/06/2011,0.534,0.65,1.088,0.7713,0.71169,0.32434,0.5156,0.5564,0.8638,0.882,0.8877,0.76917804
379,2011,7,01/07/2011,0.26,1,0.994,0.7733,0.69649,0.19245,0.5469,0.5388,0.9336,0.953,0.9591,0.77705301
380,2011,8,01/08/2011,0.084,0.85,0.775,0.7752,0.66708,0.0661,0.5625,0.5338,0.8671,0.8912,0.9029,0.78492798
381,2011,9,01/09/2011,0.07,0.4,0.563,0.7772,0.6541,0.0222,0.5469,0.5188,0.7342,0.7755,0.8082,0.79280295
382,2011,10,01/10/2011,0.227,0.35,0.35,0.7792,0.65299,0.0912,0.5,0.599,0.5537,0.5853,0.6105,0.80067792
383,2011,11,01/11/2011,0.532,0.2,0.144,0.7812,0.66893,0.15918,0.5,0.4361,0.278,0.2818,0.283,0.80855289
384,2011,12,01/12/2011,0.715,0.25,0,0.7831,0.68846,0.39357,0.4844,0.5689,0.2303,0.2371,0.2409,0.81642786
385,2012,1,01/01/2012,0.853,0.1,0.088,0.7854,0.70403,0.72421,0.4531,0.4236,0.0676,0.0619,0.0538,0.81825044
386,2012,2,01/02/2012,0.897,0.1,0.288,0.7876,0.71317,0.69169,0.4609,0.3935,0.2658,0.268,0.2667,0.82007301
387,2012,3,01/03/2012,0.957,0,0.494,0.7898,0.71985,0.71519,0.3516,0.5213,0.1406,0.1329,0.124,0.82189559
388,2012,4,01/04/2012,0.91,0.05,0.706,0.792,0.74184,0.70402,0.4688,0.7168,0.4673,0.4685,0.4632,0.82371816
389,2012,5,01/05/2012,0.752,0.2,0.925,0.7942,0.74876,0.54926,0.5391,0.6491,0.6434,0.6632,0.6749,0.82554074
390,2012,6,01/06/2012,0.5,0.65,1.088,0.7964,0.73604,0.30844,0.5625,0.6366,0.8937,0.9061,0.9064,0.82736331
391,2012,7,01/07/2012,0.233,1,0.994,0.7986,0.71935,0.18857,0.6328,0.594,0.9546,0.9668,0.9661,0.82918589
392,2012,8,01/08/2012,0.045,0.85,0.775,0.8008,0.69501,0.08062,0.6641,0.5163,0.8793,0.9095,0.9287,0.83100846
393,2012,9,01/09/2012,0,0.4,0.563,0.8031,0.67944,0.05078,0.6563,0.5489,0.7231,0.7652,0.7965,0.83283104
394,2012,10,01/10/2012,0.189,0.35,0.35,0.8053,0.67845,0.08843,0.625,0.5088,0.5792,0.6014,0.6164,0.83465361
395,2012,11,01/11/2012,0.492,0.2,0.144,0.8075,0.7023,0.1331,0.6094,0.5439,0.3333,0.3368,0.3357,0.83647619
396,2012,12,01/12/2012,0.7,0.25,0,0.8097,0.71911,0.33251,0.6094,0.2657,0.1705,0.1833,0.193,0.83829876
397,2013,1,01/01/2013,0.836,0.1,0.088,0.8116,0.73406,0.6992,0.5156,0.5038,0.2492,0.2669,0.283,0.84061344
398,2013,2,01/02/2013,0.939,0.1,0.288,0.8136,0.74951,0.68294,0.4531,0.589,0.1506,0.1592,0.1649,0.84292811
399,2013,3,01/03/2013,0.961,0,0.494,0.8156,0.75729,0.69696,0.5313,0.5664,0.3023,0.2967,0.2877,0.84524278
400,2013,4,01/04/2013,0.9,0.05,0.706,0.8175,0.7694,0.66302,0.5313,0.4586,0.4042,0.3849,0.3591,0.84755745
401,2013,5,01/05/2013,0.769,0.2,0.925,0.8195,0.78633,0.64288,0.5313,0.5664,0.6301,0.6346,0.6304,0.84987213
402,2013,6,01/06/2013,0.569,0.65,1.088,0.8214,0.77175,0.41206,0.5859,0.5288,0.9269,0.9255,0.9123,0.8521868
403,2013,7,01/07/2013,0.296,1,0.994,0.8234,0.75593,0.25837,0.6797,0.4536,0.9524,0.9656,0.9661,0.85450147
404,2013,8,01/08/2013,0.153,0.85,0.775,0.8254,0.72973,0.12582,0.7031,0.4887,0.8571,0.882,0.8959,0.85681614
405,2013,9,01/09/2013,0.119,0.4,0.563,0.8273,0.70811,0.08843,0.6641,0.4687,0.6833,0.7205,0.7509,0.85913082
406,2013,10,01/10/2013,0.308,0.35,0.35,0.8292,0.7112,0.14297,0.6328,0.4937,0.5903,0.6266,0.655,0.86144549
407,2013,11,01/11/2013,0.544,0.2,0.144,0.8312,0.72924,0.15824,0.625,0.6967,0.3931,0.3849,0.3731,0.86376016
408,2013,12,01/12/2013,0.736,0.25,0,0.8332,0.75,0.21478,0.5469,0.5489,0.3045,0.3116,0.3146,0.86607484
409,2014,1,01/01/2014,0.843,0.1,0.088,0.8354,0.76248,0.49763,0.5938,0.5664,0.3212,0.3391,0.352,0.86838174
410,2014,2,01/02/2014,0.883,0.1,0.288,0.8376,0.76446,0.55851,0.6016,0.3258,0.2879,0.2784,0.2643,0.87068864
411,2014,3,01/03/2014,0.917,0,0.494,0.8398,0.78547,0.76119,0.5547,0.6817,0.3378,0.3253,0.3064,0.87299553
412,2014,4,01/04/2014,0.872,0.05,0.706,0.842,0.80549,0.75083,0.5938,0.6566,0.4817,0.4708,0.4526,0.87530243
413,2014,5,01/05/2014,0.752,0.2,0.925,0.8442,0.81105,0.58919,0.6719,0.5514,0.6844,0.7136,0.7357,0.87760933
414,2014,6,01/06/2014,0.553,0.65,1.088,0.8464,0.8045,0.35386,0.7578,0.5188,0.8306,0.8568,0.8737,0.87991623
415,2014,7,01/07/2014,0.309,1,0.994,0.8487,0.77805,0.23033,0.8047,0.4712,0.8959,0.9164,0.9263,0.88222313
416,2014,8,01/08/2014,0.171,0.85,0.775,0.8509,0.75235,0.09933,0.8828,0.5263,0.8638,0.8866,0.8971,0.88453003
417,2014,9,01/09/2014,0.116,0.4,0.563,0.8531,0.73196,0.10264,0.8594,0.4612,0.7276,0.7595,0.7825,0.88683693
418,2014,10,01/10/2014,0.286,0.35,0.35,0.8553,0.74048,0.17017,0.7891,0.4737,0.5437,0.5808,0.6129,0.88914383
419,2014,11,01/11/2014,0.552,0.2,0.144,0.8575,0.75544,0.34806,0.7109,0.4236,0.4286,0.4467,0.4596,0.89145073
420,2014,12,01/12/2014,0.738,0.25,0,0.8597,0.77558,0.43488,0.6953,0.6566,0.2857,0.2967,0.3041,0.89375763
421,2015,1,01/01/2015,0.849,0.1,0.088,0.8617,0.7888,0.80683,0.625,0.6967,0.2569,0.252,0.2444,0.8891927
422,2015,2,01/02/2015,0.909,0.1,0.288,0.8637,0.79338,0.72309,0.5859,0.7343,0.3355,0.3288,0.317,0.88462777
423,2015,3,01/03/2015,0.903,0,0.494,0.8656,0.80783,0.75078,0.6563,0.7419,0.3001,0.291,0.276,0.88006285
424,2015,4,01/04/2015,0.863,0.05,0.706,0.8676,0.82798,0.79107,0.7031,0.5815,0.4994,0.5006,0.4947,0.87549792
425,2015,5,01/05/2015,0.739,0.2,0.925,0.8696,0.83799,0.65029,0.7891,0.6165,0.742,0.7617,0.7719,0.87093299
426,2015,6,01/06/2015,0.547,0.65,1.088,0.8716,0.82365,0.39522,0.8359,0.5865,0.9203,0.9233,0.9158,0.86636806
427,2015,7,01/07/2015,0.283,1,0.994,0.8736,0.80499,0.24779,0.8438,0.5138,0.928,0.9416,0.9415,0.86180313
428,2015,8,01/08/2015,0.106,0.85,0.775,0.8755,0.77583,0.1351,0.9453,0.5414,0.8184,0.8534,0.8772,0.8572382
429,2015,9,01/09/2015,0.088,0.4,0.563,0.8775,0.75976,0.09116,0.9844,0.589,0.6788,0.7125,0.7368,0.85267327
430,2015,10,01/10/2015,0.268,0.35,0.35,0.8795,0.76792,0.17896,0.9609,0.609,0.5537,0.5865,0.6129,0.84810835
431,2015,11,01/11/2015,0.528,0.2,0.144,0.8815,0.79103,0.23573,0.9688,0.619,0.3953,0.4032,0.4058,0.84354342
432,2015,12,01/12/2015,0.716,0.25,0,0.8834,0.81191,0.3146,0.8906,0.8095,0.2193,0.2314,0.2409,0.83897849
433,2016,1,01/01/2016,0.817,0.1,0.088,0.8854,0.81995,0.48615,0.9688,0.7193,0.3776,0.3872,0.3918,0.84019919
434,2016,2,01/02/2016,0.872,0.1,0.288,0.8874,0.83935,0.50116,0.8438,0.9574,0.3433,0.354,0.3602,0.8414199
435,2016,3,01/03/2016,0.888,0,0.494,0.8893,0.84923,0.82787,0.8203,1,0.3112,0.3219,0.3287,0.8426406
436,2016,4,01/04/2016,0.833,0.05,0.706,0.8912,0.88075,0.69352,0.7891,0.797,0.536,0.5498,0.5567,0.8438613
437,2016,5,01/05/2016,0.682,0.2,0.925,0.8932,0.88445,0.48977,0.8203,0.6065,0.7331,0.756,0.7684,0.84508201
438,2016,6,01/06/2016,0.505,0.65,1.088,0.8952,0.87321,0.37052,0.8594,0.619,0.8959,0.8969,0.8854,0.84630271
439,2016,7,01/07/2016,0.258,1,0.994,0.8971,0.84343,0.21233,0.8828,0.5689,0.9579,0.9611,0.952,0.84752341
440,2016,8,01/08/2016,0.078,0.85,0.775,0.8991,0.81698,0.12809,0.9063,0.609,0.8693,0.8935,0.9053,0.84874412
441,2016,9,01/09/2016,0.044,0.4,0.563,0.901,0.80203,0.08566,0.8828,0.6617,0.722,0.7514,0.7719,0.84996482
442,2016,10,01/10/2016,0.173,0.35,0.35,0.903,0.80882,0.16253,0.8281,0.4737,0.6035,0.6346,0.6585,0.85118553
443,2016,11,01/11/2016,0.4,0.2,0.144,0.905,0.83267,0.35891,0.7422,0.5388,0.3965,0.417,0.4339,0.85240623
444,2016,12,01/12/2016,0.628,0.25,0,0.9069,0.84392,0.35221,0.7031,0.599,0.2746,0.2806,0.2819,0.85362693
445,2017,1,01/01/2017,0.78,0.1,0.088,0.9091,0.8653,0.59022,0.7734,0.7368,0.3223,0.3139,0.3006,0.85888039
446,2017,2,01/02/2017,0.862,0.1,0.288,0.9113,0.86901,0.63421,0.7109,0.787,0.2713,0.2658,0.2561,0.86413385
447,2017,3,01/03/2017,0.888,0,0.494,0.9135,0.8784,0.66311,0.7344,0.8246,0.2868,0.26,0.2292,0.86938731
448,2017,4,01/04/2017,0.857,0.05,0.706,0.9158,0.90064,0.67593,0.7266,0.6717,0.4917,0.4857,0.4713,0.87464077
449,2017,5,01/05/2017,0.748,0.2,0.925,0.918,0.9088,0.55123,0.7266,0.5789,0.6766,0.7079,0.7298,0.87989423
450,2017,6,01/06/2017,0.541,0.65,1.088,0.9202,0.89891,0.34578,0.7734,0.5764,0.8726,0.8843,0.8854,0.88514768
451,2017,7,01/07/2017,0.282,1,0.994,0.9224,0.87716,0.22702,0.8984,0.5514,0.9801,0.9908,0.9883,0.89040114
452,2017,8,01/08/2017,0.107,0.85,0.775,0.9246,0.85232,0.13729,0.9219,0.5714,0.8339,0.8717,0.8994,0.8956546
453,2017,9,01/09/2017,0.082,0.4,0.563,0.9268,0.8307,0.07057,0.8281,0.5639,0.7386,0.7743,0.8012,0.90090806
454,2017,10,01/10/2017,0.252,0.35,0.35,0.929,0.83391,0.14547,0.8047,0.5263,0.5604,0.5899,0.614,0.90616152
455,2017,11,01/11/2017,0.493,0.2,0.144,0.9312,0.85232,0.20464,0.8203,0.5865,0.4618,0.4788,0.4901,0.91141498
456,2017,12,01/12/2017,0.683,0.25,0,0.9335,0.87321,0.4255,0.7578,0.7068,0.4097,0.4399,0.4655,0.91666843
457,2018,1,01/01/2018,0.809,0.1,0.088,0.9354,0.88742,0.39705,0.7109,0.5764,0.2791,0.2784,0.2737,0.92217365
458,2018,2,01/02/2018,0.862,0.1,0.288,0.9374,0.89187,0.91251,0.7188,0.5965,0.3976,0.3963,0.3906,0.92767887
459,2018,3,01/03/2018,0.895,0,0.494,0.9393,0.90509,0.77052,0.7031,0.7268,0.3987,0.3963,0.3895,0.93318409
460,2018,4,01/04/2018,0.859,0.05,0.706,0.9413,0.91572,0.67566,0.7031,0.5739,0.4839,0.4719,0.4538,0.9386893
461,2018,5,01/05/2018,0.731,0.2,0.925,0.9432,0.92795,0.6414,0.7031,0.599,0.6489,0.6781,0.6994,0.94419452
462,2018,6,01/06/2018,0.555,0.65,1.088,0.9452,0.92239,0.44319,0.6875,0.5789,0.8206,0.8477,0.8643,0.94969974
463,2018,7,01/07/2018,0.292,1,0.994,0.9471,0.89656,0.24752,0.7188,0.5739,0.959,0.9679,0.9637,0.95520496
464,2018,8,01/08/2018,0.13,0.85,0.775,0.9491,0.87519,0.13685,0.7656,0.5489,0.8051,0.8408,0.8667,0.96071017
465,2018,9,01/09/2018,0.082,0.4,0.563,0.9511,0.85727,0.10969,0.8281,0.5213,0.7508,0.7778,0.7953,0.96621539
466,2018,10,01/10/2018,0.19,0.35,0.35,0.953,0.8632,0.10715,0.8438,0.599,0.5914,0.6163,0.6339,0.97172061
467,2018,11,01/11/2018,0.524,0.2,0.144,0.955,0.88816,0.27106,0.8125,0.4837,0.4153,0.4318,0.4444,0.97722583
468,2018,12,01/12/2018,0.7,0.25,0,0.957,0.90126,0.51478,0.8125,0.5689,0.2691,0.2795,0.2877,0.98273104
469,2019,1,01/01/2019,0.847,0.1,0.088,0.9589,0.92289,0.71027,0.7031,0.6892,0.2625,0.2646,0.2632,0.98417012
470,2019,2,01/02/2019,0.901,0.1,0.288,0.9609,0.93426,0.6774,0.7656,0.5439,0.4341,0.4181,0.3953,0.9856092
471,2019,3,01/03/2019,0.912,0,0.494,0.9628,0.93697,0.71148,0.7734,0.8246,0.4839,0.4891,0.4889,0.98704828
472,2019,4,01/04/2019,0.826,0.05,0.706,0.9648,0.95378,0.75221,0.7422,0.6742,0.495,0.4948,0.4877,0.98848736
473,2019,5,01/05/2019,0.704,0.2,0.925,0.9667,0.96997,0.67481,0.7891,0.5363,0.7099,0.74,0.7602,0.98992644
474,2019,6,01/06/2019,0.514,0.65,1.088,0.9687,0.9612,0.45248,0.9219,0.6015,0.8948,0.9072,0.9064,0.99136552
475,2019,7,01/07/2019,0.237,1,0.994,0.9707,0.93413,0.25775,0.9375,0.5464,0.9834,0.9989,1,0.9928046
476,2019,8,01/08/2019,0.072,0.85,0.775,0.9726,0.91201,0.16766,1,0.5514,0.8427,0.8786,0.9053,0.99424368
477,2019,9,01/09/2019,0.066,0.4,0.563,0.9745,0.89459,0.08508,0.9688,0.619,0.7874,0.8133,0.8292,0.99568276
478,2019,10,01/10/2019,0.185,0.35,0.35,0.9765,0.89434,0.09594,0.9297,0.604,0.598,0.6254,0.648,0.99712184
479,2019,11,01/11/2019,0.485,0.2,0.144,0.9785,0.91572,0.33814,0.8984,0.5589,0.4452,0.4639,0.476,0.99856092
480,2019,12,01/12/2019,0.706,0.25,0,0.9804,0.93438,0.37012,0.8281,0.7243,0.2569,0.2669,0.2737,1
481,2020,1,01/01/2020,0.844,0.1,0.088,0.9824,0.95452,0.36985,0.8281,0.8622,0.1539,0.1615,0.1673,0.99585737
482,2020,2,01/02/2020,0.914,0.1,0.288,0.9843,0.96342,0.39763,0.7891,0.9373,0.0963,0.0825,0.0667,0.99171475
483,2020,3,01/03/2020,0.919,0,0.494,0.9863,0.96836,0.33216,0.8438,0.8847,0.3344,0.3127,0.2854,0.98757212
484,2020,4,01/04/2020,0.835,0.05,0.706,0.9883,0.98937,0.40875,0.875,0.6992,0.5072,0.5063,0.4982,0.9834295
485,2020,5,01/05/2020,0.702,0.2,0.925,0.9902,1,0.48848,0.8438,0.6617,0.6822,0.6987,0.7053,0.97928687
486,2020,6,01/06/2020,0.52,0.65,1.088,0.9922,0.99147,0.33332,0.9141,0.5865,0.8793,0.8912,0.8912,0.97514425
487,2020,7,01/07/2020,0.231,1,0.994,0.9941,0.96676,0.18343,0.9844,0.5815,0.8904,0.9118,0.9216,0.97100162
488,2020,8,01/08/2020,0.058,0.85,0.775,0.9961,0.94414,0.0841,1,0.584,0.876,0.9003,0.9123,0.966859
489,2020,9,01/09/2020,0.032,0.4,0.563,0.9981,0.92857,0.09857,0.9297,0.614,0.7154,0.7595,0.7953,0.96271637
490,2020,10,01/10/2020,0.145,0.35,0.35,1,0.92845,0.12546,0.8984,0.5514,0.5637,0.5991,0.6292,0.95857374