observation,year,month,date,Extent,Rainfall,Rainfall^2,Rainfall^3,Rainfall^4,Daylight,Daylight^2,Daylight^3,Daylight^4,Ozone,Ozone^2,Ozone^3,Ozone^4,MinTemp,MinTemp^2,MinTemp^3,MinTemp^4
1,1980,1,01/01/1980,0.902,0.1,0.01,0.001,0.0001,0.088,0.00774,0.00068,0.00006,0.528,0.27878,0.1472,0.07772,0.1895,0.03591,0.0068,0.00129
2,1980,2,01/02/1980,0.99,0.1,0.01,0.001,0.0001,0.288,0.08294,0.02389,0.00688,0.78602,0.61783,0.48562,0.38171,0.2608,0.06802,0.01774,0.00463
3,1980,3,01/03/1980,0.996,0,0,0,0,0.494,0.24404,0.12055,0.05955,0.87686,0.76888,0.6742,0.59118,0.2854,0.08145,0.02325,0.00663
4,1980,4,01/04/1980,0.947,0.05,0.0025,0.00013,0.00001,0.706,0.49844,0.3519,0.24844,0.86664,0.75106,0.6509,0.5641,0.386,0.149,0.05751,0.0222
5,1980,5,01/05/1980,0.816,0.2,0.04,0.008,0.0016,0.925,0.85563,0.79145,0.73209,0.70773,0.50088,0.35449,0.25088,0.6632,0.43983,0.2917,0.19345
6,1980,6,01/06/1980,0.689,0.65,0.4225,0.27463,0.17851,1.088,1.18374,1.28791,1.40125,0.48839,0.23852,0.11649,0.05689,0.8842,0.78181,0.69128,0.61123
7,1980,7,01/07/1980,0.522,1,1,1,1,0.994,0.98804,0.98211,0.97622,0.3138,0.09847,0.0309,0.0097,0.9076,0.82374,0.74762,0.67854
8,1980,8,01/08/1980,0.352,0.85,0.7225,0.61413,0.52201,0.775,0.60063,0.46548,0.36075,0.18522,0.03431,0.00635,0.00118,0.8526,0.72693,0.61978,0.52842
9,1980,9,01/09/1980,0.327,0.4,0.16,0.064,0.0256,0.563,0.31697,0.17845,0.10047,0.11965,0.01432,0.00171,0.0002,0.7029,0.49407,0.34728,0.2441
10,1980,10,01/10/1980,0.448,0.35,0.1225,0.04288,0.01501,0.35,0.1225,0.04288,0.01501,0.1644,0.02703,0.00444,0.00073,0.5591,0.31259,0.17477,0.09771
11,1980,11,01/11/1980,0.624,0.2,0.04,0.008,0.0016,0.144,0.02074,0.00299,0.00043,0.2448,0.05993,0.01467,0.00359,0.3649,0.13315,0.04859,0.01773
12,1980,12,01/12/1980,0.8,0.25,0.0625,0.01563,0.00391,0,0,0,0,0.25444,0.06474,0.01647,0.00419,0.1579,0.02493,0.00394,0.00062
13,1981,1,01/01/1981,0.906,0.1,0.01,0.001,0.0001,0.088,0.00774,0.00068,0.00006,0.58589,0.34327,0.20112,0.11783,0.4175,0.17431,0.07277,0.03038
14,1981,2,01/02/1981,0.961,0.1,0.01,0.001,0.0001,0.288,0.08294,0.02389,0.00688,0.80862,0.65387,0.52873,0.42754,0.1942,0.03771,0.00732,0.00142
15,1981,3,01/03/1981,0.963,0,0,0,0,0.494,0.24404,0.12055,0.05955,0.80076,0.64122,0.51346,0.41116,0.3111,0.09678,0.03011,0.00937
16,1981,4,01/04/1981,0.914,0.05,0.0025,0.00013,0.00001,0.706,0.49844,0.3519,0.24844,0.7213,0.52027,0.37527,0.27068,0.3883,0.15078,0.05855,0.02273
17,1981,5,01/05/1981,0.817,0.2,0.04,0.008,0.0016,0.925,0.85563,0.79145,0.73209,0.60884,0.37069,0.22569,0.13741,0.7263,0.52751,0.38313,0.27827
18,1981,6,01/06/1981,0.708,0.65,0.4225,0.27463,0.17851,1.088,1.18374,1.28791,1.40125,0.45167,0.20401,0.09214,0.04162,0.8643,0.74701,0.64564,0.55803
19,1981,7,01/07/1981,0.535,1,1,1,1,0.994,0.98804,0.98211,0.97622,0.29402,0.08645,0.02542,0.00747,0.9135,0.83448,0.7623,0.69636
20,1981,8,01/08/1981,0.341,0.85,0.7225,0.61413,0.52201,0.775,0.60063,0.46548,0.36075,0.1502,0.02256,0.00339,0.00051,0.8538,0.72897,0.6224,0.5314
21,1981,9,01/09/1981,0.285,0.4,0.16,0.064,0.0256,0.563,0.31697,0.17845,0.10047,0.07937,0.0063,0.0005,0.00004,0.7205,0.51912,0.37403,0.26949
22,1981,10,01/10/1981,0.423,0.35,0.1225,0.04288,0.01501,0.35,0.1225,0.04288,0.01501,0.14252,0.02031,0.00289,0.00041,0.5567,0.30991,0.17253,0.09605
23,1981,11,01/11/1981,0.588,0.2,0.04,0.008,0.0016,0.144,0.02074,0.00299,0.00043,0.30782,0.09475,0.02917,0.00898,0.3719,0.13831,0.05144,0.01913
24,1981,12,01/12/1981,0.78,0.25,0.0625,0.01563,0.00391,0,0,0,0,0.48566,0.23587,0.11455,0.05563,0.2702,0.07301,0.01973,0.00533
25,1982,1,01/01/1982,0.927,0.1,0.01,0.001,0.0001,0.088,0.00774,0.00068,0.00006,0.73533,0.54071,0.3976,0.29237,0.2,0.04,0.008,0.0016
26,1982,2,01/02/1982,0.99,0.1,0.01,0.001,0.0001,0.288,0.08294,0.02389,0.00688,0.69933,0.48906,0.34202,0.23918,0.2526,0.06381,0.01612,0.00407
27,1982,3,01/03/1982,0.996,0,0,0,0,0.494,0.24404,0.12055,0.05955,0.746,0.55652,0.41516,0.30971,0.2561,0.06559,0.0168,0.0043
28,1982,4,01/04/1982,0.95,0.05,0.0025,0.00013,0.00001,0.706,0.49844,0.3519,0.24844,0.83801,0.70226,0.5885,0.49317,0.3626,0.13148,0.04767,0.01729
29,1982,5,01/05/1982,0.831,0.2,0.04,0.008,0.0016,0.925,0.85563,0.79145,0.73209,0.73305,0.53736,0.39391,0.28876,0.6222,0.38713,0.24087,0.14987
30,1982,6,01/06/1982,0.712,0.65,0.4225,0.27463,0.17851,1.088,1.18374,1.28791,1.40125,0.5146,0.26481,0.13627,0.07013,0.869,0.75516,0.65623,0.57027
31,1982,7,01/07/1982,0.543,1,1,1,1,0.994,0.98804,0.98211,0.97622,0.28218,0.07963,0.02247,0.00634,0.9298,0.86453,0.80384,0.74741
32,1982,8,01/08/1982,0.365,0.85,0.7225,0.61413,0.52201,0.775,0.60063,0.46548,0.36075,0.16798,0.02822,0.00474,0.0008,0.8713,0.75916,0.66146,0.57633
33,1982,9,01/09/1982,0.298,0.4,0.16,0.064,0.0256,0.563,0.31697,0.17845,0.10047,0.13354,0.01783,0.00238,0.00032,0.7754,0.60125,0.46621,0.3615
34,1982,10,01/10/1982,0.467,0.35,0.1225,0.04288,0.01501,0.35,0.1225,0.04288,0.01501,0.14136,0.01998,0.00282,0.0004,0.4421,0.19545,0.08641,0.0382
35,1982,11,01/11/1982,0.644,0.2,0.04,0.008,0.0016,0.144,0.02074,0.00299,0.00043,0.15525,0.0241,0.00374,0.00058,0.2982,0.08892,0.02652,0.00791
36,1982,12,01/12/1982,0.804,0.25,0.0625,0.01563,0.00391,0,0,0,0,0.27396,0.07505,0.02056,0.00563,0.2795,0.07812,0.02183,0.0061
37,1983,1,01/01/1983,0.908,0.1,0.01,0.001,0.0001,0.088,0.00774,0.00068,0.00006,0.49893,0.24893,0.1242,0.06197,0.1357,0.01841,0.0025,0.00034
38,1983,2,01/02/1983,0.994,0.1,0.01,0.001,0.0001,0.288,0.08294,0.02389,0.00688,0.65904,0.43433,0.28624,0.18865,0.2117,0.04482,0.00949,0.00201
39,1983,3,01/03/1983,1,0,0,0,0,0.494,0.24404,0.12055,0.05955,0.71291,0.50824,0.36233,0.25831,0.2234,0.04991,0.01115,0.00249
40,1983,4,01/04/1983,0.927,0.05,0.0025,0.00013,0.00001,0.706,0.49844,0.3519,0.24844,0.72296,0.52267,0.37787,0.27319,0.448,0.2007,0.08992,0.04028
41,1983,5,01/05/1983,0.792,0.2,0.04,0.008,0.0016,0.925,0.85563,0.79145,0.73209,0.59151,0.34988,0.20696,0.12242,0.6327,0.40031,0.25328,0.16025
42,1983,6,01/06/1983,0.697,0.65,0.4225,0.27463,0.17851,1.088,1.18374,1.28791,1.40125,0.41385,0.17127,0.07088,0.02933,0.8585,0.73702,0.63273,0.5432
43,1983,7,01/07/1983,0.559,1,1,1,1,0.994,0.98804,0.98211,0.97622,0.21617,0.04673,0.0101,0.00218,0.9146,0.83649,0.76506,0.69972
44,1983,8,01/08/1983,0.369,0.85,0.7225,0.61413,0.52201,0.775,0.60063,0.46548,0.36075,0.1322,0.01748,0.00231,0.00031,0.8702,0.75725,0.65896,0.57342
45,1983,9,01/09/1983,0.305,0.4,0.16,0.064,0.0256,0.563,0.31697,0.17845,0.10047,0.09142,0.00836,0.00076,0.00007,0.6971,0.48595,0.33875,0.23615
46,1983,10,01/10/1983,0.46,0.35,0.1225,0.04288,0.01501,0.35,0.1225,0.04288,0.01501,0.09058,0.0082,0.00074,0.00007,0.4526,0.20485,0.09271,0.04196
47,1983,11,01/11/1983,0.63,0.2,0.04,0.008,0.0016,0.144,0.02074,0.00299,0.00043,0.23796,0.05662,0.01347,0.00321,0.3825,0.14631,0.05596,0.02141
48,1983,12,01/12/1983,0.777,0.25,0.0625,0.01563,0.00391,0,0,0,0,0.3117,0.09716,0.03028,0.00944,0.3497,0.12229,0.04276,0.01495
49,1984,1,01/01/1984,0.871,0.1,0.01,0.001,0.0001,0.088,0.00774,0.00068,0.00006,0.40143,0.16115,0.06469,0.02597,0.1883,0.03546,0.00668,0.00126
50,1984,2,01/02/1984,0.937,0.1,0.01,0.001,0.0001,0.288,0.08294,0.02389,0.00688,0.81152,0.65856,0.53444,0.43371,0,0,0,0
51,1984,3,01/03/1984,0.959,0,0,0,0,0.494,0.24404,0.12055,0.05955,0.88674,0.78631,0.69725,0.61828,0.2339,0.05471,0.0128,0.00299
52,1984,4,01/04/1984,0.914,0.05,0.0025,0.00013,0.00001,0.706,0.49844,0.3519,0.24844,0.81925,0.67117,0.54986,0.45047,0.2842,0.08077,0.02295,0.00652
53,1984,5,01/05/1984,0.8,0.2,0.04,0.008,0.0016,0.925,0.85563,0.79145,0.73209,0.6431,0.41358,0.26597,0.17105,0.6117,0.37418,0.22888,0.14001
54,1984,6,01/06/1984,0.685,0.65,0.4225,0.27463,0.17851,1.088,1.18374,1.28791,1.40125,0.42729,0.18258,0.07801,0.03333,0.8713,0.75916,0.66146,0.57633
55,1984,7,01/07/1984,0.512,1,1,1,1,0.994,0.98804,0.98211,0.97622,0.26244,0.06887,0.01808,0.00474,0.917,0.84089,0.7711,0.70709
56,1984,8,01/08/1984,0.335,0.85,0.7225,0.61413,0.52201,0.775,0.60063,0.46548,0.36075,0.14917,0.02225,0.00332,0.0005,0.8667,0.75117,0.65104,0.56425
57,1984,9,01/09/1984,0.259,0.4,0.16,0.064,0.0256,0.563,0.31697,0.17845,0.10047,0.06945,0.00482,0.00033,0.00002,0.7789,0.60669,0.47255,0.36807
58,1984,10,01/10/1984,0.399,0.35,0.1225,0.04288,0.01501,0.35,0.1225,0.04288,0.01501,0.12595,0.01586,0.002,0.00025,0.5673,0.32183,0.18257,0.10357
59,1984,11,01/11/1984,0.581,0.2,0.04,0.008,0.0016,0.144,0.02074,0.00299,0.00043,0.34172,0.11677,0.0399,0.01364,0.2503,0.06265,0.01568,0.00393
60,1984,12,01/12/1984,0.752,0.25,0.0625,0.01563,0.00391,0,0,0,0,0.48732,0.23748,0.11573,0.0564,0.193,0.03725,0.00719,0.00139
61,1985,1,01/01/1985,0.891,0.1,0.01,0.001,0.0001,0.088,0.00774,0.00068,0.00006,0.63211,0.39956,0.25257,0.15965,0.3591,0.12895,0.04631,0.01663
62,1985,2,01/02/1985,0.95,0.1,0.01,0.001,0.0001,0.288,0.08294,0.02389,0.00688,0.73198,0.53579,0.39219,0.28708,0.1333,0.01777,0.00237,0.00032
63,1985,3,01/03/1985,0.984,0,0,0,0,0.494,0.24404,0.12055,0.05955,0.8933,0.79798,0.71284,0.63678,0.262,0.06864,0.01798,0.00471
64,1985,4,01/04/1985,0.942,0.05,0.0025,0.00013,0.00001,0.706,0.49844,0.3519,0.24844,0.90554,0.82,0.74255,0.6724,0.2503,0.06265,0.01568,0.00393
65,1985,5,01/05/1985,0.839,0.2,0.04,0.008,0.0016,0.925,0.85563,0.79145,0.73209,0.63837,0.40752,0.26015,0.16607,0.6643,0.44129,0.29315,0.19474
66,1985,6,01/06/1985,0.691,0.65,0.4225,0.27463,0.17851,1.088,1.18374,1.28791,1.40125,0.44087,0.19437,0.08569,0.03778,0.8655,0.74909,0.64834,0.56114
67,1985,7,01/07/1985,0.493,1,1,1,1,0.994,0.98804,0.98211,0.97622,0.25404,0.06454,0.01639,0.00416,0.9088,0.82592,0.75059,0.68214
68,1985,8,01/08/1985,0.306,0.85,0.7225,0.61413,0.52201,0.775,0.60063,0.46548,0.36075,0.14766,0.0218,0.00322,0.00048,0.8772,0.76948,0.67499,0.5921
69,1985,9,01/09/1985,0.25,0.4,0.16,0.064,0.0256,0.563,0.31697,0.17845,0.10047,0.07932,0.00629,0.0005,0.00004,0.7485,0.56025,0.41935,0.31388
70,1985,10,01/10/1985,0.398,0.35,0.1225,0.04288,0.01501,0.35,0.1225,0.04288,0.01501,0.13167,0.01734,0.00228,0.0003,0.4865,0.23668,0.11515,0.05602
71,1985,11,01/11/1985,0.595,0.2,0.04,0.008,0.0016,0.144,0.02074,0.00299,0.00043,0.20094,0.04038,0.00811,0.00163,0.3591,0.12895,0.04631,0.01663
72,1985,12,01/12/1985,0.757,0.25,0.0625,0.01563,0.00391,0,0,0,0,0.28138,0.07917,0.02228,0.00627,0.3357,0.11269,0.03783,0.0127
73,1986,1,01/01/1986,0.904,0.1,0.01,0.001,0.0001,0.088,0.00774,0.00068,0.00006,0.48548,0.23569,0.11442,0.05555,0.1825,0.03331,0.00608,0.00111
74,1986,2,01/02/1986,0.975,0.1,0.01,0.001,0.0001,0.288,0.08294,0.02389,0.00688,0.5452,0.29724,0.16206,0.08835,0.2936,0.0862,0.02531,0.00743
75,1986,3,01/03/1986,0.986,0,0,0,0,0.494,0.24404,0.12055,0.05955,0.88289,0.77949,0.68821,0.60761,0.1661,0.02759,0.00458,0.00076
76,1986,4,01/04/1986,0.918,0.05,0.0025,0.00013,0.00001,0.706,0.49844,0.3519,0.24844,0.79669,0.63471,0.50567,0.40286,0.2842,0.08077,0.02295,0.00652
77,1986,5,01/05/1986,0.784,0.2,0.04,0.008,0.0016,0.925,0.85563,0.79145,0.73209,0.61639,0.37994,0.23419,0.14435,0.6433,0.41383,0.26622,0.17126
78,1986,6,01/06/1986,0.672,0.65,0.4225,0.27463,0.17851,1.088,1.18374,1.28791,1.40125,0.40965,0.16781,0.06874,0.02816,0.869,0.75516,0.65623,0.57027
79,1986,7,01/07/1986,0.526,1,1,1,1,0.994,0.98804,0.98211,0.97622,0.21912,0.04801,0.01052,0.00231,0.9298,0.86453,0.80384,0.74741
80,1986,8,01/08/1986,0.352,0.85,0.7225,0.61413,0.52201,0.775,0.60063,0.46548,0.36075,0.11443,0.01309,0.0015,0.00017,0.8655,0.74909,0.64834,0.56114
81,1986,9,01/09/1986,0.307,0.4,0.16,0.064,0.0256,0.563,0.31697,0.17845,0.10047,0.09477,0.00898,0.00085,0.00008,0.7836,0.61403,0.48115,0.37703
82,1986,10,01/10/1986,0.472,0.35,0.1225,0.04288,0.01501,0.35,0.1225,0.04288,0.01501,0.09192,0.00845,0.00078,0.00007,0.4877,0.23785,0.116,0.05657
83,1986,11,01/11/1986,0.629,0.2,0.04,0.008,0.0016,0.144,0.02074,0.00299,0.00043,0.24176,0.05845,0.01413,0.00342,0.2959,0.08756,0.02591,0.00767
84,1986,12,01/12/1986,0.771,0.25,0.0625,0.01563,0.00391,0,0,0,0,0.33435,0.11179,0.03738,0.0125,0.2901,0.08416,0.02441,0.00708
85,1987,1,01/01/1987,0.911,0.1,0.01,0.001,0.0001,0.088,0.00774,0.00068,0.00006,0.75194,0.56541,0.42516,0.31969,0.2316,0.05364,0.01242,0.00288
86,1987,2,01/02/1987,0.997,0.1,0.01,0.001,0.0001,0.288,0.08294,0.02389,0.00688,1,1,1,1,0.1474,0.02173,0.0032,0.00047
87,1987,3,01/03/1987,0.978,0,0,0,0,0.494,0.24404,0.12055,0.05955,0.77285,0.5973,0.46162,0.35676,0.2292,0.05253,0.01204,0.00276
88,1987,4,01/04/1987,0.93,0.05,0.0025,0.00013,0.00001,0.706,0.49844,0.3519,0.24844,0.7142,0.51008,0.3643,0.26018,0.3216,0.10343,0.03326,0.0107
89,1987,5,01/05/1987,0.812,0.2,0.04,0.008,0.0016,0.925,0.85563,0.79145,0.73209,0.61344,0.37631,0.23084,0.14161,0.669,0.44756,0.29942,0.20031
90,1987,6,01/06/1987,0.712,0.65,0.4225,0.27463,0.17851,1.088,1.18374,1.28791,1.40125,0.49942,0.24942,0.12457,0.06221,0.869,0.75516,0.65623,0.57027
91,1987,7,01/07/1987,0.54,1,1,1,1,0.994,0.98804,0.98211,0.97622,0.28057,0.07872,0.02209,0.0062,0.9404,0.88435,0.83164,0.78208
92,1987,8,01/08/1987,0.324,0.85,0.7225,0.61413,0.52201,0.775,0.60063,0.46548,0.36075,0.17477,0.03054,0.00534,0.00093,0.8994,0.80892,0.72754,0.65435
93,1987,9,01/09/1987,0.296,0.4,0.16,0.064,0.0256,0.563,0.31697,0.17845,0.10047,0.13417,0.018,0.00242,0.00032,0.738,0.54464,0.40195,0.29664
94,1987,10,01/10/1987,0.438,0.35,0.1225,0.04288,0.01501,0.35,0.1225,0.04288,0.01501,0.20076,0.0403,0.00809,0.00162,0.607,0.36845,0.22365,0.13575
95,1987,11,01/11/1987,0.611,0.2,0.04,0.008,0.0016,0.144,0.02074,0.00299,0.00043,0.36297,0.13175,0.04782,0.01736,0.3404,0.11587,0.03944,0.01343
96,1987,12,01/12/1987,0.727,0.25,0.0625,0.01563,0.00391,0,0,0,0,0.53131,0.28229,0.14998,0.07969,0.2526,0.06381,0.01612,0.00407
97,1988,1,01/01/1988,0.843,0.1,0.01,0.001,0.0001,0.088,0.00774,0.00068,0.00006,0.5213,0.27175,0.14167,0.07385,0.262,0.06864,0.01798,0.00471
98,1988,2,01/02/1988,0.959,0.1,0.01,0.001,0.0001,0.288,0.08294,0.02389,0.00688,0.60138,0.36166,0.21749,0.1308,0.2164,0.04683,0.01013,0.00219
99,1988,3,01/03/1988,0.99,0,0,0,0,0.494,0.24404,0.12055,0.05955,0.82278,0.67697,0.55699,0.45828,0.2503,0.06265,0.01568,0.00393
100,1988,4,01/04/1988,0.923,0.05,0.0025,0.00013,0.00001,0.706,0.49844,0.3519,0.24844,0.8879,0.78837,0.69999,0.62152,0.4374,0.19132,0.08368,0.0366
101,1988,5,01/05/1988,0.798,0.2,0.04,0.008,0.0016,0.925,0.85563,0.79145,0.73209,0.64073,0.41053,0.26304,0.16854,0.6971,0.48595,0.33875,0.23615
102,1988,6,01/06/1988,0.669,0.65,0.4225,0.27463,0.17851,1.088,1.18374,1.28791,1.40125,0.41889,0.17547,0.0735,0.03079,0.8725,0.76126,0.6642,0.57951
103,1988,7,01/07/1988,0.498,1,1,1,1,0.994,0.98804,0.98211,0.97622,0.23283,0.05421,0.01262,0.00294,0.9345,0.87329,0.81609,0.76264
104,1988,8,01/08/1988,0.345,0.85,0.7225,0.61413,0.52201,0.775,0.60063,0.46548,0.36075,0.13234,0.01751,0.00232,0.00031,0.8854,0.78393,0.69409,0.61455
105,1988,9,01/09/1988,0.304,0.4,0.16,0.064,0.0256,0.563,0.31697,0.17845,0.10047,0.08682,0.00754,0.00065,0.00006,0.7474,0.55861,0.4175,0.31204
106,1988,10,01/10/1988,0.444,0.35,0.1225,0.04288,0.01501,0.35,0.1225,0.04288,0.01501,0.11822,0.01398,0.00165,0.0002,0.4035,0.16281,0.06569,0.02651
107,1988,11,01/11/1988,0.62,0.2,0.04,0.008,0.0016,0.144,0.02074,0.00299,0.00043,0.19299,0.03725,0.00719,0.00139,0.2117,0.04482,0.00949,0.00201
108,1988,12,01/12/1988,0.804,0.25,0.0625,0.01563,0.00391,0,0,0,0,0.19075,0.03639,0.00694,0.00132,0.2807,0.07879,0.02212,0.00621
109,1989,1,01/01/1989,0.909,0.1,0.01,0.001,0.0001,0.088,0.00774,0.00068,0.00006,0.50464,0.25466,0.12851,0.06485,0.048,0.0023,0.00011,0.00001
110,1989,2,01/02/1989,0.953,0.1,0.01,0.001,0.0001,0.288,0.08294,0.02389,0.00688,0.99308,0.98621,0.97938,0.97261,0.4632,0.21455,0.09938,0.04603
111,1989,3,01/03/1989,0.946,0,0,0,0,0.494,0.24404,0.12055,0.05955,0.91697,0.84083,0.77102,0.707,0.262,0.06864,0.01798,0.00471
112,1989,4,01/04/1989,0.859,0.05,0.0025,0.00013,0.00001,0.706,0.49844,0.3519,0.24844,0.77946,0.60756,0.47357,0.36913,0.5064,0.25644,0.12986,0.06576
113,1989,5,01/05/1989,0.756,0.2,0.04,0.008,0.0016,0.925,0.85563,0.79145,0.73209,0.59848,0.35818,0.21436,0.12829,0.6491,0.42133,0.27349,0.17752
114,1989,6,01/06/1989,0.692,0.65,0.4225,0.27463,0.17851,1.088,1.18374,1.28791,1.40125,0.41402,0.17141,0.07097,0.02938,0.883,0.77969,0.68847,0.60791
115,1989,7,01/07/1989,0.524,1,1,1,1,0.994,0.98804,0.98211,0.97622,0.24332,0.0592,0.01441,0.00351,0.9708,0.94245,0.91493,0.88822
116,1989,8,01/08/1989,0.344,0.85,0.7225,0.61413,0.52201,0.775,0.60063,0.46548,0.36075,0.12425,0.01544,0.00192,0.00024,0.9591,0.91987,0.88225,0.84617
117,1989,9,01/09/1989,0.275,0.4,0.16,0.064,0.0256,0.563,0.31697,0.17845,0.10047,0.07633,0.00583,0.00044,0.00003,0.8012,0.64192,0.51431,0.41206
118,1989,10,01/10/1989,0.42,0.35,0.1225,0.04288,0.01501,0.35,0.1225,0.04288,0.01501,0.12014,0.01443,0.00173,0.00021,0.5684,0.32308,0.18364,0.10438
119,1989,11,01/11/1989,0.603,0.2,0.04,0.008,0.0016,0.144,0.02074,0.00299,0.00043,0.23269,0.05414,0.0126,0.00293,0.2047,0.0419,0.00858,0.00176
120,1989,12,01/12/1989,0.784,0.25,0.0625,0.01563,0.00391,0,0,0,0,0.23939,0.05731,0.01372,0.00328,0.2795,0.07812,0.02183,0.0061
121,1990,1,01/01/1990,0.895,0.1,0.01,0.001,0.0001,0.088,0.00774,0.00068,0.00006,0.43484,0.18909,0.08222,0.03575,0.0807,0.00651,0.00053,0.00004
122,1990,2,01/02/1990,0.959,0.1,0.01,0.001,0.0001,0.288,0.08294,0.02389,0.00688,0.69611,0.48457,0.33731,0.23481,0.0234,0.00055,0.00001,0
123,1990,3,01/03/1990,0.982,0,0,0,0,0.494,0.24404,0.12055,0.05955,0.531,0.28196,0.14972,0.0795,0.2865,0.08208,0.02352,0.00674
124,1990,4,01/04/1990,0.885,0.05,0.0025,0.00013,0.00001,0.706,0.49844,0.3519,0.24844,0.52233,0.27283,0.14251,0.07444,0.5041,0.25412,0.1281,0.06458
125,1990,5,01/05/1990,0.772,0.2,0.04,0.008,0.0016,0.925,0.85563,0.79145,0.73209,0.49348,0.24352,0.12017,0.0593,0.7439,0.55339,0.41166,0.30624
126,1990,6,01/06/1990,0.645,0.65,0.4225,0.27463,0.17851,1.088,1.18374,1.28791,1.40125,0.3724,0.13868,0.05165,0.01923,0.8819,0.77775,0.6859,0.60489
127,1990,7,01/07/1990,0.454,1,1,1,1,0.994,0.98804,0.98211,0.97622,0.24806,0.06153,0.01526,0.00379,0.9626,0.9266,0.89194,0.85859
128,1990,8,01/08/1990,0.258,0.85,0.7225,0.61413,0.52201,0.775,0.60063,0.46548,0.36075,0.13484,0.01818,0.00245,0.00033,0.9076,0.82374,0.74762,0.67854
129,1990,9,01/09/1990,0.205,0.4,0.16,0.064,0.0256,0.563,0.31697,0.17845,0.10047,0.05931,0.00352,0.00021,0.00001,0.7427,0.5516,0.40968,0.30427
130,1990,10,01/10/1990,0.392,0.35,0.1225,0.04288,0.01501,0.35,0.1225,0.04288,0.01501,0.08669,0.00752,0.00065,0.00006,0.5298,0.28069,0.14871,0.07879
131,1990,11,01/11/1990,0.6,0.2,0.04,0.008,0.0016,0.144,0.02074,0.00299,0.00043,0.19897,0.03959,0.00788,0.00157,0.2561,0.06559,0.0168,0.0043
132,1990,12,01/12/1990,0.762,0.25,0.0625,0.01563,0.00391,0,0,0,0,0.31331,0.09816,0.03076,0.00964,0.1532,0.02347,0.0036,0.00055
133,1991,1,01/01/1991,0.862,0.1,0.01,0.001,0.0001,0.088,0.00774,0.00068,0.00006,0.63327,0.40103,0.25396,0.16083,0.2316,0.05364,0.01242,0.00288
134,1991,2,01/02/1991,0.933,0.1,0.01,0.001,0.0001,0.288,0.08294,0.02389,0.00688,0.75596,0.57148,0.43201,0.32658,0.1497,0.02241,0.00335,0.0005
135,1991,3,01/03/1991,0.946,0,0,0,0,0.494,0.24404,0.12055,0.05955,0.73662,0.54261,0.3997,0.29442,0.2058,0.04235,0.00872,0.00179
136,1991,4,01/04/1991,0.902,0.05,0.0025,0.00013,0.00001,0.706,0.49844,0.3519,0.24844,0.75766,0.57405,0.43493,0.32953,0.4433,0.19651,0.08712,0.03862
137,1991,5,01/05/1991,0.791,0.2,0.04,0.008,0.0016,0.925,0.85563,0.79145,0.73209,0.62559,0.39136,0.24483,0.15316,0.7532,0.56731,0.4273,0.32184
138,1991,6,01/06/1991,0.682,0.65,0.4225,0.27463,0.17851,1.088,1.18374,1.28791,1.40125,0.4105,0.16851,0.06917,0.0284,0.8959,0.80264,0.71908,0.64423
139,1991,7,01/07/1991,0.474,1,1,1,1,0.994,0.98804,0.98211,0.97622,0.28048,0.07867,0.02207,0.00619,0.9041,0.8174,0.73901,0.66814
140,1991,8,01/08/1991,0.308,0.85,0.7225,0.61413,0.52201,0.775,0.60063,0.46548,0.36075,0.13895,0.01931,0.00268,0.00037,0.8386,0.70325,0.58975,0.49456
141,1991,9,01/09/1991,0.232,0.4,0.16,0.064,0.0256,0.563,0.31697,0.17845,0.10047,0.07195,0.00518,0.00037,0.00003,0.7649,0.58507,0.44752,0.34231
142,1991,10,01/10/1991,0.397,0.35,0.1225,0.04288,0.01501,0.35,0.1225,0.04288,0.01501,0.06315,0.00399,0.00025,0.00002,0.5439,0.29583,0.1609,0.08751
143,1991,11,01/11/1991,0.584,0.2,0.04,0.008,0.0016,0.144,0.02074,0.00299,0.00043,0.13001,0.0169,0.0022,0.00029,0.2538,0.06441,0.01635,0.00415
144,1991,12,01/12/1991,0.749,0.25,0.0625,0.01563,0.00391,0,0,0,0,0.21894,0.04793,0.01049,0.0023,0.1556,0.02421,0.00377,0.00059
145,1992,1,01/01/1992,0.884,0.1,0.01,0.001,0.0001,0.088,0.00774,0.00068,0.00006,0.44176,0.19515,0.08621,0.03808,0.2409,0.05803,0.01398,0.00337
146,1992,2,01/02/1992,0.95,0.1,0.01,0.001,0.0001,0.288,0.08294,0.02389,0.00688,0.48544,0.23565,0.11439,0.05553,0.1251,0.01565,0.00196,0.00024
147,1992,3,01/03/1992,0.951,0,0,0,0,0.494,0.24404,0.12055,0.05955,0.64435,0.41519,0.26753,0.17238,0.276,0.07618,0.02102,0.0058
148,1992,4,01/04/1992,0.887,0.05,0.0025,0.00013,0.00001,0.706,0.49844,0.3519,0.24844,0.65583,0.43011,0.28208,0.185,0.4082,0.16663,0.06802,0.02776
149,1992,5,01/05/1992,0.771,0.2,0.04,0.008,0.0016,0.925,0.85563,0.79145,0.73209,0.54475,0.29675,0.16166,0.08806,0.6164,0.37995,0.2342,0.14436
150,1992,6,01/06/1992,0.685,0.65,0.4225,0.27463,0.17851,1.088,1.18374,1.28791,1.40125,0.3531,0.12468,0.04402,0.01555,0.8889,0.79014,0.70236,0.62433
151,1992,7,01/07/1992,0.539,1,1,1,1,0.994,0.98804,0.98211,0.97622,0.18941,0.03588,0.0068,0.00129,0.9439,0.89095,0.84097,0.79379
152,1992,8,01/08/1992,0.348,0.85,0.7225,0.61413,0.52201,0.775,0.60063,0.46548,0.36075,0.11697,0.01368,0.0016,0.00019,0.8889,0.79014,0.70236,0.62433
153,1992,9,01/09/1992,0.312,0.4,0.16,0.064,0.0256,0.563,0.31697,0.17845,0.10047,0.08772,0.00769,0.00067,0.00006,0.6608,0.43666,0.28854,0.19067
154,1992,10,01/10/1992,0.459,0.35,0.1225,0.04288,0.01501,0.35,0.1225,0.04288,0.01501,0.08044,0.00647,0.00052,0.00004,0.4889,0.23902,0.11686,0.05713
155,1992,11,01/11/1992,0.624,0.2,0.04,0.008,0.0016,0.144,0.02074,0.00299,0.00043,0.18638,0.03474,0.00647,0.00121,0.338,0.11424,0.03861,0.01305
156,1992,12,01/12/1992,0.786,0.25,0.0625,0.01563,0.00391,0,0,0,0,0.21192,0.04491,0.00952,0.00202,0.2187,0.04783,0.01046,0.00229
157,1993,1,01/01/1993,0.905,0.1,0.01,0.001,0.0001,0.088,0.00774,0.00068,0.00006,0.2962,0.08773,0.02599,0.0077,0.2409,0.05803,0.01398,0.00337
158,1993,2,01/02/1993,0.968,0.1,0.01,0.001,0.0001,0.288,0.08294,0.02389,0.00688,0.39848,0.15879,0.06327,0.02521,0.2632,0.06927,0.01823,0.0048
159,1993,3,01/03/1993,0.978,0,0,0,0,0.494,0.24404,0.12055,0.05955,0.50179,0.25179,0.12635,0.0634,0.2807,0.07879,0.02212,0.00621
160,1993,4,01/04/1993,0.919,0.05,0.0025,0.00013,0.00001,0.706,0.49844,0.3519,0.24844,0.44618,0.19908,0.08882,0.03963,0.4807,0.23107,0.11108,0.05339
161,1993,5,01/05/1993,0.783,0.2,0.04,0.008,0.0016,0.925,0.85563,0.79145,0.73209,0.42032,0.17667,0.07426,0.03121,0.6936,0.48108,0.33368,0.23144
162,1993,6,01/06/1993,0.663,0.65,0.4225,0.27463,0.17851,1.088,1.18374,1.28791,1.40125,0.37347,0.13948,0.05209,0.01945,0.8959,0.80264,0.71908,0.64423
163,1993,7,01/07/1993,0.472,1,1,1,1,0.994,0.98804,0.98211,0.97622,0.2205,0.04862,0.01072,0.00236,0.986,0.9722,0.95859,0.94517
164,1993,8,01/08/1993,0.3,0.85,0.7225,0.61413,0.52201,0.775,0.60063,0.46548,0.36075,0.05319,0.00283,0.00015,0.00001,0.8784,0.77159,0.67776,0.59535
165,1993,9,01/09/1993,0.226,0.4,0.16,0.064,0.0256,0.563,0.31697,0.17845,0.10047,0,0,0,0,0.752,0.5655,0.42526,0.31979
166,1993,10,01/10/1993,0.417,0.35,0.1225,0.04288,0.01501,0.35,0.1225,0.04288,0.01501,0.07749,0.006,0.00047,0.00004,0.6281,0.39451,0.24779,0.15564
167,1993,11,01/11/1993,0.619,0.2,0.04,0.008,0.0016,0.144,0.02074,0.00299,0.00043,0.25444,0.06474,0.01647,0.00419,0.3813,0.14539,0.05544,0.02114
168,1993,12,01/12/1993,0.779,0.25,0.0625,0.01563,0.00391,0,0,0,0,0.49142,0.24149,0.11867,0.05832,0.3146,0.09897,0.03114,0.0098
169,1994,1,01/01/1994,0.891,0.1,0.01,0.001,0.0001,0.088,0.00774,0.00068,0.00006,0.32314,0.10442,0.03374,0.0109,0.255,0.06503,0.01658,0.00423
170,1994,2,01/02/1994,0.958,0.1,0.01,0.001,0.0001,0.288,0.08294,0.02389,0.00688,0.38816,0.15067,0.05848,0.0227,0.2421,0.05861,0.01419,0.00344
171,1994,3,01/03/1994,0.957,0,0,0,0,0.494,0.24404,0.12055,0.05955,0.59107,0.34936,0.2065,0.12206,0.193,0.03725,0.00719,0.00139
172,1994,4,01/04/1994,0.904,0.05,0.0025,0.00013,0.00001,0.706,0.49844,0.3519,0.24844,0.73926,0.54651,0.40401,0.29867,0.4129,0.17049,0.07039,0.02907
173,1994,5,01/05/1994,0.803,0.2,0.04,0.008,0.0016,0.925,0.85563,0.79145,0.73209,0.45096,0.20336,0.09171,0.04136,0.6889,0.47458,0.32694,0.22523
174,1994,6,01/06/1994,0.675,0.65,0.4225,0.27463,0.17851,1.088,1.18374,1.28791,1.40125,0.39379,0.15507,0.06107,0.02405,0.8561,0.73291,0.62744,0.53715
175,1994,7,01/07/1994,0.508,1,1,1,1,0.994,0.98804,0.98211,0.97622,0.25159,0.0633,0.01593,0.00401,0.9532,0.90859,0.86607,0.82554
176,1994,8,01/08/1994,0.325,0.85,0.7225,0.61413,0.52201,0.775,0.60063,0.46548,0.36075,0.08021,0.00643,0.00052,0.00004,0.9251,0.85581,0.79171,0.73241
177,1994,9,01/09/1994,0.285,0.4,0.16,0.064,0.0256,0.563,0.31697,0.17845,0.10047,0.01621,0.00026,0,0,0.738,0.54464,0.40195,0.29664
178,1994,10,01/10/1994,0.427,0.35,0.1225,0.04288,0.01501,0.35,0.1225,0.04288,0.01501,0.0745,0.00555,0.00041,0.00003,0.4889,0.23902,0.11686,0.05713
179,1994,11,01/11/1994,0.603,0.2,0.04,0.008,0.0016,0.144,0.02074,0.00299,0.00043,0.24645,0.06074,0.01497,0.00369,0.2491,0.06205,0.01546,0.00385
180,1994,12,01/12/1994,0.775,0.25,0.0625,0.01563,0.00391,0,0,0,0,0.45029,0.20276,0.0913,0.04111,0.2,0.04,0.008,0.0016
181,1995,1,01/01/1995,0.88,0.1,0.01,0.001,0.0001,0.088,0.00774,0.00068,0.00006,0.35007,0.12255,0.0429,0.01502,0.2468,0.06091,0.01503,0.00371
182,1995,2,01/02/1995,0.931,0.1,0.01,0.001,0.0001,0.288,0.08294,0.02389,0.00688,0.37789,0.1428,0.05396,0.02039,0.2105,0.04431,0.00933,0.00196
183,1995,3,01/03/1995,0.934,0,0,0,0,0.494,0.24404,0.12055,0.05955,0.49982,0.24982,0.12487,0.06241,0.1836,0.03371,0.00619,0.00114
184,1995,4,01/04/1995,0.869,0.05,0.0025,0.00013,0.00001,0.706,0.49844,0.3519,0.24844,0.64623,0.41761,0.26987,0.1744,0.5018,0.2518,0.12635,0.0634
185,1995,5,01/05/1995,0.751,0.2,0.04,0.008,0.0016,0.925,0.85563,0.79145,0.73209,0.4816,0.23194,0.1117,0.0538,0.752,0.5655,0.42526,0.31979
186,1995,6,01/06/1995,0.629,0.65,0.4225,0.27463,0.17851,1.088,1.18374,1.28791,1.40125,0.38526,0.14843,0.05718,0.02203,0.8854,0.78393,0.69409,0.61455
187,1995,7,01/07/1995,0.433,1,1,1,1,0.994,0.98804,0.98211,0.97622,0.23993,0.05757,0.01381,0.00331,0.9509,0.90421,0.85981,0.8176
188,1995,8,01/08/1995,0.253,0.85,0.7225,0.61413,0.52201,0.775,0.60063,0.46548,0.36075,0.10724,0.0115,0.00123,0.00013,0.8725,0.76126,0.6642,0.57951
189,1995,9,01/09/1995,0.2,0.4,0.16,0.064,0.0256,0.563,0.31697,0.17845,0.10047,0.03247,0.00105,0.00003,0,0.8175,0.66831,0.54634,0.44663
190,1995,10,01/10/1995,0.34,0.35,0.1225,0.04288,0.01501,0.35,0.1225,0.04288,0.01501,0.0745,0.00555,0.00041,0.00003,0.5766,0.33247,0.1917,0.11053
191,1995,11,01/11/1995,0.574,0.2,0.04,0.008,0.0016,0.144,0.02074,0.00299,0.00043,0.22483,0.05055,0.01136,0.00256,0.3637,0.13228,0.04811,0.0175
192,1995,12,01/12/1995,0.747,0.25,0.0625,0.01563,0.00391,0,0,0,0,0.40911,0.16737,0.06847,0.02801,0.2351,0.05527,0.01299,0.00305
193,1996,1,01/01/1996,0.847,0.1,0.01,0.001,0.0001,0.088,0.00774,0.00068,0.00006,0.37695,0.14209,0.05356,0.02019,0.2246,0.05045,0.01133,0.00254
194,1996,2,01/02/1996,0.925,0.1,0.01,0.001,0.0001,0.288,0.08294,0.02389,0.00688,0.36757,0.13511,0.04966,0.01825,0.1778,0.03161,0.00562,0.001
195,1996,3,01/03/1996,0.923,0,0,0,0,0.494,0.24404,0.12055,0.05955,0.40862,0.16697,0.06823,0.02788,0.3076,0.09462,0.0291,0.00895
196,1996,4,01/04/1996,0.851,0.05,0.0025,0.00013,0.00001,0.706,0.49844,0.3519,0.24844,0.55315,0.30597,0.16925,0.09362,0.3708,0.13749,0.05098,0.0189
197,1996,5,01/05/1996,0.76,0.2,0.04,0.008,0.0016,0.925,0.85563,0.79145,0.73209,0.51219,0.26234,0.13437,0.06882,0.7123,0.50737,0.3614,0.25743
198,1996,6,01/06/1996,0.68,0.65,0.4225,0.27463,0.17851,1.088,1.18374,1.28791,1.40125,0.37673,0.14193,0.05347,0.02014,0.8947,0.80049,0.7162,0.64078
199,1996,7,01/07/1996,0.526,1,1,1,1,0.994,0.98804,0.98211,0.97622,0.22832,0.05213,0.0119,0.00272,0.9439,0.89095,0.84097,0.79379
200,1996,8,01/08/1996,0.368,0.85,0.7225,0.61413,0.52201,0.775,0.60063,0.46548,0.36075,0.13426,0.01803,0.00242,0.00032,0.8316,0.69156,0.5751,0.47825
201,1996,9,01/09/1996,0.32,0.4,0.16,0.064,0.0256,0.563,0.31697,0.17845,0.10047,0.04868,0.00237,0.00012,0.00001,0.7053,0.49745,0.35085,0.24745
202,1996,10,01/10/1996,0.446,0.35,0.1225,0.04288,0.01501,0.35,0.1225,0.04288,0.01501,0.12863,0.01655,0.00213,0.00027,0.3801,0.14448,0.05492,0.02087
203,1996,11,01/11/1996,0.546,0.2,0.04,0.008,0.0016,0.144,0.02074,0.00299,0.00043,0.20322,0.0413,0.00839,0.00171,0.3825,0.14631,0.05596,0.02141
204,1996,12,01/12/1996,0.742,0.25,0.0625,0.01563,0.00391,0,0,0,0,0.36798,0.13541,0.04983,0.01834,0.2632,0.06927,0.01823,0.0048
205,1997,1,01/01/1997,0.867,0.1,0.01,0.001,0.0001,0.088,0.00774,0.00068,0.00006,0.40389,0.16313,0.06589,0.02661,0.1731,0.02996,0.00519,0.0009
206,1997,2,01/02/1997,0.948,0.1,0.01,0.001,0.0001,0.288,0.08294,0.02389,0.00688,0.35726,0.12763,0.0456,0.01629,0.2456,0.06032,0.01481,0.00364
207,1997,3,01/03/1997,0.95,0,0,0,0,0.494,0.24404,0.12055,0.05955,0.31737,0.10072,0.03197,0.01015,0.1953,0.03814,0.00745,0.00145
208,1997,4,01/04/1997,0.878,0.05,0.0025,0.00013,0.00001,0.706,0.49844,0.3519,0.24844,0.46012,0.21171,0.09741,0.04482,0.4433,0.19651,0.08712,0.03862
209,1997,5,01/05/1997,0.768,0.2,0.04,0.008,0.0016,0.925,0.85563,0.79145,0.73209,0.54283,0.29466,0.15995,0.08683,0.6912,0.47776,0.33023,0.22825
210,1997,6,01/06/1997,0.653,0.65,0.4225,0.27463,0.17851,1.088,1.18374,1.28791,1.40125,0.3682,0.13557,0.04992,0.01838,0.8959,0.80264,0.71908,0.64423
211,1997,7,01/07/1997,0.466,1,1,1,1,0.994,0.98804,0.98211,0.97622,0.21666,0.04694,0.01017,0.0022,0.938,0.87984,0.82529,0.77413
212,1997,8,01/08/1997,0.297,0.85,0.7225,0.61413,0.52201,0.775,0.60063,0.46548,0.36075,0.11331,0.01284,0.00145,0.00016,0.9287,0.86248,0.80099,0.74388
213,1997,9,01/09/1997,0.249,0.4,0.16,0.064,0.0256,0.563,0.31697,0.17845,0.10047,0.0665,0.00442,0.00029,0.00002,0.8222,0.67601,0.55582,0.45699
214,1997,10,01/10/1997,0.381,0.35,0.1225,0.04288,0.01501,0.35,0.1225,0.04288,0.01501,0.06771,0.00458,0.00031,0.00002,0.5064,0.25644,0.12986,0.06576
215,1997,11,01/11/1997,0.568,0.2,0.04,0.008,0.0016,0.144,0.02074,0.00299,0.00043,0.1816,0.03298,0.00599,0.00109,0.4468,0.19963,0.08919,0.03985
216,1997,12,01/12/1997,0.76,0.25,0.0625,0.01563,0.00391,0,0,0,0,0.44667,0.19951,0.08912,0.03981,0.2351,0.05527,0.01299,0.00305
217,1998,1,01/01/1998,0.891,0.1,0.01,0.001,0.0001,0.088,0.00774,0.00068,0.00006,0.46556,0.21675,0.10091,0.04698,0.1766,0.03119,0.00551,0.00097
218,1998,2,01/02/1998,0.973,0.1,0.01,0.001,0.0001,0.288,0.08294,0.02389,0.00688,0.69982,0.48975,0.34274,0.23985,0.2211,0.04889,0.01081,0.00239
219,1998,3,01/03/1998,0.961,0,0,0,0,0.494,0.24404,0.12055,0.05955,0.78624,0.61817,0.48603,0.38214,0.3778,0.14273,0.05392,0.02037
220,1998,4,01/04/1998,0.904,0.05,0.0025,0.00013,0.00001,0.706,0.49844,0.3519,0.24844,0.7628,0.58186,0.44385,0.33857,0.5708,0.32581,0.18597,0.10615
221,1998,5,01/05/1998,0.8,0.2,0.04,0.008,0.0016,0.925,0.85563,0.79145,0.73209,0.65828,0.43333,0.28525,0.18778,0.7146,0.51065,0.36491,0.26077
222,1998,6,01/06/1998,0.65,0.65,0.4225,0.27463,0.17851,1.088,1.18374,1.28791,1.40125,0.44864,0.20128,0.0903,0.04051,0.9076,0.82374,0.74762,0.67854
223,1998,7,01/07/1998,0.467,1,1,1,1,0.994,0.98804,0.98211,0.97622,0.29223,0.0854,0.02496,0.00729,0.9825,0.96531,0.94841,0.93182
224,1998,8,01/08/1998,0.315,0.85,0.7225,0.61413,0.52201,0.775,0.60063,0.46548,0.36075,0.17066,0.02912,0.00497,0.00085,0.9135,0.83448,0.7623,0.69636
225,1998,9,01/09/1998,0.237,0.4,0.16,0.064,0.0256,0.563,0.31697,0.17845,0.10047,0.12698,0.01612,0.00205,0.00026,0.807,0.65125,0.52556,0.42413
226,1998,10,01/10/1998,0.39,0.35,0.1225,0.04288,0.01501,0.35,0.1225,0.04288,0.01501,0.14038,0.01971,0.00277,0.00039,0.6047,0.36566,0.22112,0.13371
227,1998,11,01/11/1998,0.549,0.2,0.04,0.008,0.0016,0.144,0.02074,0.00299,0.00043,0.23644,0.0559,0.01322,0.00313,0.4526,0.20485,0.09271,0.04196
228,1998,12,01/12/1998,0.734,0.25,0.0625,0.01563,0.00391,0,0,0,0,0.33971,0.1154,0.0392,0.01332,0.2982,0.08892,0.02652,0.00791
229,1999,1,01/01/1999,0.862,0.1,0.01,0.001,0.0001,0.088,0.00774,0.00068,0.00006,0.50366,0.25367,0.12777,0.06435,0.1158,0.01341,0.00155,0.00018
230,1999,2,01/02/1999,0.938,0.1,0.01,0.001,0.0001,0.288,0.08294,0.02389,0.00688,0.79375,0.63004,0.50009,0.39695,0.1637,0.0268,0.00439,0.00072
231,1999,3,01/03/1999,0.945,0,0,0,0,0.494,0.24404,0.12055,0.05955,0.80085,0.64136,0.51363,0.41134,0.207,0.04285,0.00887,0.00184
232,1999,4,01/04/1999,0.919,0.05,0.0025,0.00013,0.00001,0.706,0.49844,0.3519,0.24844,0.71505,0.5113,0.3656,0.26142,0.3895,0.15171,0.05909,0.02302
233,1999,5,01/05/1999,0.813,0.2,0.04,0.008,0.0016,0.925,0.85563,0.79145,0.73209,0.65569,0.42993,0.2819,0.18484,0.7018,0.49252,0.34565,0.24258
234,1999,6,01/06/1999,0.656,0.65,0.4225,0.27463,0.17851,1.088,1.18374,1.28791,1.40125,0.39924,0.15939,0.06364,0.02541,0.8947,0.80049,0.7162,0.64078
235,1999,7,01/07/1999,0.473,1,1,1,1,0.994,0.98804,0.98211,0.97622,0.23484,0.05515,0.01295,0.00304,0.9532,0.90859,0.86607,0.82554
236,1999,8,01/08/1999,0.292,0.85,0.7225,0.61413,0.52201,0.775,0.60063,0.46548,0.36075,0.13595,0.01848,0.00251,0.00034,0.9228,0.85156,0.78582,0.72515
237,1999,9,01/09/1999,0.204,0.4,0.16,0.064,0.0256,0.563,0.31697,0.17845,0.10047,0.06722,0.00452,0.0003,0.00002,0.7871,0.61953,0.48763,0.38381
238,1999,10,01/10/1999,0.402,0.35,0.1225,0.04288,0.01501,0.35,0.1225,0.04288,0.01501,0.10554,0.01114,0.00118,0.00012,0.5357,0.28697,0.15373,0.08235
239,1999,11,01/11/1999,0.577,0.2,0.04,0.008,0.0016,0.144,0.02074,0.00299,0.00043,0.24627,0.06065,0.01494,0.00368,0.3099,0.09604,0.02976,0.00922
240,1999,12,01/12/1999,0.724,0.25,0.0625,0.01563,0.00391,0,0,0,0,0.23269,0.05414,0.0126,0.00293,0.1439,0.02071,0.00298,0.00043
241,2000,1,01/01/2000,0.851,0.1,0.01,0.001,0.0001,0.088,0.00774,0.00068,0.00006,0.42247,0.17848,0.0754,0.03186,0.2327,0.05415,0.0126,0.00293
242,2000,2,01/02/2000,0.924,0.1,0.01,0.001,0.0001,0.288,0.08294,0.02389,0.00688,0.41501,0.17223,0.07148,0.02966,0.2877,0.08277,0.02381,0.00685
243,2000,3,01/03/2000,0.931,0,0,0,0,0.494,0.24404,0.12055,0.05955,0.56753,0.32209,0.1828,0.10374,0.2877,0.08277,0.02381,0.00685
244,2000,4,01/04/2000,0.878,0.05,0.0025,0.00013,0.00001,0.706,0.49844,0.3519,0.24844,0.56704,0.32153,0.18232,0.10338,0.4012,0.16096,0.06458,0.02591
245,2000,5,01/05/2000,0.765,0.2,0.04,0.008,0.0016,0.925,0.85563,0.79145,0.73209,0.51251,0.26267,0.13462,0.06899,0.6105,0.37271,0.22754,0.13891
246,2000,6,01/06/2000,0.647,0.65,0.4225,0.27463,0.17851,1.088,1.18374,1.28791,1.40125,0.38754,0.15019,0.0582,0.02256,0.9135,0.83448,0.7623,0.69636
247,2000,7,01/07/2000,0.474,1,1,1,1,0.994,0.98804,0.98211,0.97622,0.2059,0.04239,0.00873,0.0018,0.9333,0.87105,0.81295,0.75873
248,2000,8,01/08/2000,0.288,0.85,0.7225,0.61413,0.52201,0.775,0.60063,0.46548,0.36075,0.10264,0.01053,0.00108,0.00011,0.8819,0.77775,0.6859,0.60489
249,2000,9,01/09/2000,0.214,0.4,0.16,0.064,0.0256,0.563,0.31697,0.17845,0.10047,0.0448,0.00201,0.00009,0,0.7591,0.57623,0.43742,0.33204
250,2000,10,01/10/2000,0.384,0.35,0.1225,0.04288,0.01501,0.35,0.1225,0.04288,0.01501,0.10554,0.01114,0.00118,0.00012,0.5357,0.28697,0.15373,0.08235
251,2000,11,01/11/2000,0.539,0.2,0.04,0.008,0.0016,0.144,0.02074,0.00299,0.00043,0.42599,0.18147,0.0773,0.03293,0.4094,0.16761,0.06862,0.02809
252,2000,12,01/12/2000,0.724,0.25,0.0625,0.01563,0.00391,0,0,0,0,0.41032,0.16836,0.06908,0.02835,0.3602,0.12974,0.04673,0.01683
253,2001,1,01/01/2001,0.849,0.1,0.01,0.001,0.0001,0.088,0.00774,0.00068,0.00006,0.54283,0.29466,0.15995,0.08683,0.345,0.11903,0.04106,0.01417
254,2001,2,01/02/2001,0.93,0.1,0.01,0.001,0.0001,0.288,0.08294,0.02389,0.00688,0.88383,0.78116,0.69041,0.6102,0.3579,0.12809,0.04584,0.01641
255,2001,3,01/03/2001,0.954,0,0,0,0,0.494,0.24404,0.12055,0.05955,0.76543,0.58588,0.44845,0.34326,0.2351,0.05527,0.01299,0.00305
256,2001,4,01/04/2001,0.902,0.05,0.0025,0.00013,0.00001,0.706,0.49844,0.3519,0.24844,0.73122,0.53468,0.39097,0.28589,0.4211,0.17733,0.07467,0.03144
257,2001,5,01/05/2001,0.794,0.2,0.04,0.008,0.0016,0.925,0.85563,0.79145,0.73209,0.61215,0.37473,0.22939,0.14042,0.5649,0.31911,0.18027,0.10183
258,2001,6,01/06/2001,0.63,0.65,0.4225,0.27463,0.17851,1.088,1.18374,1.28791,1.40125,0.41907,0.17562,0.0736,0.03084,0.8865,0.78588,0.69668,0.61761
259,2001,7,01/07/2001,0.439,1,1,1,1,0.994,0.98804,0.98211,0.97622,0.2339,0.05471,0.0128,0.00299,0.9427,0.88868,0.83776,0.78976
260,2001,8,01/08/2001,0.311,0.85,0.7225,0.61413,0.52201,0.775,0.60063,0.46548,0.36075,0.1469,0.02158,0.00317,0.00047,0.8924,0.79638,0.71069,0.63422
261,2001,9,01/09/2001,0.252,0.4,0.16,0.064,0.0256,0.563,0.31697,0.17845,0.10047,0.10165,0.01033,0.00105,0.00011,0.8058,0.64931,0.52322,0.42161
262,2001,10,01/10/2001,0.378,0.35,0.1225,0.04288,0.01501,0.35,0.1225,0.04288,0.01501,0.11822,0.01398,0.00165,0.0002,0.4947,0.24473,0.12107,0.05989
263,2001,11,01/11/2001,0.566,0.2,0.04,0.008,0.0016,0.144,0.02074,0.00299,0.00043,0.22957,0.0527,0.0121,0.00278,0.3673,0.13491,0.04955,0.0182
264,2001,12,01/12/2001,0.712,0.25,0.0625,0.01563,0.00391,0,0,0,0,0.47611,0.22668,0.10792,0.05138,0.2526,0.06381,0.01612,0.00407
265,2002,1,01/01/2002,0.855,0.1,0.01,0.001,0.0001,0.088,0.00774,0.00068,0.00006,0.58388,0.34092,0.19905,0.11622,0.2199,0.04836,0.01063,0.00234
266,2002,2,01/02/2002,0.94,0.1,0.01,0.001,0.0001,0.288,0.08294,0.02389,0.00688,0.75051,0.56327,0.42274,0.31727,0.2363,0.05584,0.01319,0.00312
267,2002,3,01/03/2002,0.941,0,0,0,0,0.494,0.24404,0.12055,0.05955,0.7021,0.49294,0.3461,0.24299,0.3754,0.14093,0.0529,0.01986
268,2002,4,01/04/2002,0.857,0.05,0.0025,0.00013,0.00001,0.706,0.49844,0.3519,0.24844,0.67526,0.45598,0.3079,0.20791,0.4105,0.16851,0.06917,0.0284
269,2002,5,01/05/2002,0.751,0.2,0.04,0.008,0.0016,0.925,0.85563,0.79145,0.73209,0.56083,0.31453,0.1764,0.09893,0.7263,0.52751,0.38313,0.27827
270,2002,6,01/06/2002,0.64,0.65,0.4225,0.27463,0.17851,1.088,1.18374,1.28791,1.40125,0.36253,0.13143,0.04765,0.01727,0.876,0.76738,0.67222,0.58887
271,2002,7,01/07/2002,0.455,1,1,1,1,0.994,0.98804,0.98211,0.97622,0.25127,0.06314,0.01586,0.00399,0.9298,0.86453,0.80384,0.74741
272,2002,8,01/08/2002,0.242,0.85,0.7225,0.61413,0.52201,0.775,0.60063,0.46548,0.36075,0.09643,0.0093,0.0009,0.00009,0.8795,0.77352,0.68031,0.59833
273,2002,9,01/09/2002,0.181,0.4,0.16,0.064,0.0256,0.563,0.31697,0.17845,0.10047,0.05766,0.00332,0.00019,0.00001,0.8257,0.68178,0.56295,0.46482
274,2002,10,01/10/2002,0.367,0.35,0.1225,0.04288,0.01501,0.35,0.1225,0.04288,0.01501,0.01335,0.00018,0,0,0.6269,0.393,0.24637,0.15445
275,2002,11,01/11/2002,0.541,0.2,0.04,0.008,0.0016,0.144,0.02074,0.00299,0.00043,0.11505,0.01324,0.00152,0.00018,0.4982,0.2482,0.12365,0.0616
276,2002,12,01/12/2002,0.722,0.25,0.0625,0.01563,0.00391,0,0,0,0,0.228,0.05198,0.01185,0.0027,0.3743,0.1401,0.05244,0.01963
277,2003,1,01/01/2003,0.864,0.1,0.01,0.001,0.0001,0.088,0.00774,0.00068,0.00006,0.46766,0.21871,0.10228,0.04783,0.3018,0.09108,0.02749,0.0083
278,2003,2,01/02/2003,0.928,0.1,0.01,0.001,0.0001,0.288,0.08294,0.02389,0.00688,0.5724,0.32764,0.18754,0.10735,0.2807,0.07879,0.02212,0.00621
279,2003,3,01/03/2003,0.951,0,0,0,0,0.494,0.24404,0.12055,0.05955,0.6632,0.43983,0.2917,0.19345,0.2561,0.06559,0.0168,0.0043
280,2003,4,01/04/2003,0.874,0.05,0.0025,0.00013,0.00001,0.706,0.49844,0.3519,0.24844,0.7456,0.55592,0.41449,0.30905,0.4971,0.24711,0.12284,0.06106
281,2003,5,01/05/2003,0.755,0.2,0.04,0.008,0.0016,0.925,0.85563,0.79145,0.73209,0.64225,0.41249,0.26492,0.17014,0.7018,0.49252,0.34565,0.24258
282,2003,6,01/06/2003,0.641,0.65,0.4225,0.27463,0.17851,1.088,1.18374,1.28791,1.40125,0.45824,0.20998,0.09622,0.04409,0.8971,0.80479,0.72198,0.64768
283,2003,7,01/07/2003,0.45,1,1,1,1,0.994,0.98804,0.98211,0.97622,0.25494,0.06499,0.01657,0.00422,0.9439,0.89095,0.84097,0.79379
284,2003,8,01/08/2003,0.269,0.85,0.7225,0.61413,0.52201,0.775,0.60063,0.46548,0.36075,0.13711,0.0188,0.00258,0.00035,0.8877,0.78801,0.69952,0.62096
285,2003,9,01/09/2003,0.204,0.4,0.16,0.064,0.0256,0.563,0.31697,0.17845,0.10047,0.08245,0.0068,0.00056,0.00005,0.7626,0.58156,0.4435,0.33821
286,2003,10,01/10/2003,0.342,0.35,0.1225,0.04288,0.01501,0.35,0.1225,0.04288,0.01501,0.14435,0.02084,0.00301,0.00043,0.6608,0.43666,0.28854,0.19067
287,2003,11,01/11/2003,0.524,0.2,0.04,0.008,0.0016,0.144,0.02074,0.00299,0.00043,0.1536,0.02359,0.00362,0.00056,0.3883,0.15078,0.05855,0.02273
288,2003,12,01/12/2003,0.72,0.25,0.0625,0.01563,0.00391,0,0,0,0,0.36717,0.13481,0.0495,0.01817,0.2819,0.07947,0.0224,0.00632
289,2004,1,01/01/2004,0.835,0.1,0.01,0.001,0.0001,0.088,0.00774,0.00068,0.00006,0.57539,0.33107,0.1905,0.10961,0.2632,0.06927,0.01823,0.0048
290,2004,2,01/02/2004,0.906,0.1,0.01,0.001,0.0001,0.288,0.08294,0.02389,0.00688,0.60071,0.36085,0.21677,0.13021,0.1731,0.02996,0.00519,0.0009
291,2004,3,01/03/2004,0.912,0,0,0,0,0.494,0.24404,0.12055,0.05955,0.65543,0.42959,0.28157,0.18455,0.2292,0.05253,0.01204,0.00276
292,2004,4,01/04/2004,0.832,0.05,0.0025,0.00013,0.00001,0.706,0.49844,0.3519,0.24844,0.61737,0.38115,0.23531,0.14527,0.4643,0.21557,0.10009,0.04647
293,2004,5,01/05/2004,0.718,0.2,0.04,0.008,0.0016,0.925,0.85563,0.79145,0.73209,0.65159,0.42457,0.27665,0.18026,0.7333,0.53773,0.39432,0.28915
294,2004,6,01/06/2004,0.629,0.65,0.4225,0.27463,0.17851,1.088,1.18374,1.28791,1.40125,0.39991,0.15993,0.06396,0.02558,0.9544,0.91088,0.86934,0.8297
295,2004,7,01/07/2004,0.468,1,1,1,1,0.994,0.98804,0.98211,0.97622,0.23649,0.05593,0.01323,0.00313,0.9883,0.97674,0.96531,0.95401
296,2004,8,01/08/2004,0.262,0.85,0.7225,0.61413,0.52201,0.775,0.60063,0.46548,0.36075,0.1234,0.01523,0.00188,0.00023,0.9544,0.91088,0.86934,0.8297
297,2004,9,01/09/2004,0.192,0.4,0.16,0.064,0.0256,0.563,0.31697,0.17845,0.10047,0.05333,0.00284,0.00015,0.00001,0.7591,0.57623,0.43742,0.33204
298,2004,10,01/10/2004,0.348,0.35,0.1225,0.04288,0.01501,0.35,0.1225,0.04288,0.01501,0.13569,0.01841,0.0025,0.00034,0.6105,0.37271,0.22754,0.13891
299,2004,11,01/11/2004,0.541,0.2,0.04,0.008,0.0016,0.144,0.02074,0.00299,0.00043,0.19996,0.03998,0.008,0.0016,0.4035,0.16281,0.06569,0.02651
300,2004,12,01/12/2004,0.717,0.25,0.0625,0.01563,0.00391,0,0,0,0,0.23475,0.05511,0.01294,0.00304,0.2713,0.0736,0.01997,0.00542
301,2005,1,01/01/2005,0.806,0.1,0.01,0.001,0.0001,0.088,0.00774,0.00068,0.00006,0.34113,0.11637,0.0397,0.01354,0.2842,0.08077,0.02295,0.00652
302,2005,2,01/02/2005,0.863,0.1,0.01,0.001,0.0001,0.288,0.08294,0.02389,0.00688,0.54011,0.29172,0.15756,0.0851,0.2526,0.06381,0.01612,0.00407
303,2005,3,01/03/2005,0.888,0,0,0,0,0.494,0.24404,0.12055,0.05955,0.69446,0.48227,0.33492,0.23259,0.345,0.11903,0.04106,0.01417
304,2005,4,01/04/2005,0.84,0.05,0.0025,0.00013,0.00001,0.706,0.49844,0.3519,0.24844,0.7184,0.5161,0.37077,0.26636,0.4211,0.17733,0.07467,0.03144
305,2005,5,01/05/2005,0.746,0.2,0.04,0.008,0.0016,0.925,0.85563,0.79145,0.73209,0.55243,0.30518,0.16859,0.09313,0.738,0.54464,0.40195,0.29664
306,2005,6,01/06/2005,0.606,0.65,0.4225,0.27463,0.17851,1.088,1.18374,1.28791,1.40125,0.35382,0.12519,0.04429,0.01567,0.8994,0.80892,0.72754,0.65435
307,2005,7,01/07/2005,0.406,1,1,1,1,0.994,0.98804,0.98211,0.97622,0.19553,0.03823,0.00748,0.00146,0.9333,0.87105,0.81295,0.75873
308,2005,8,01/08/2005,0.218,0.85,0.7225,0.61413,0.52201,0.775,0.60063,0.46548,0.36075,0.09022,0.00814,0.00073,0.00007,0.9322,0.869,0.81008,0.75516
309,2005,9,01/09/2005,0.154,0.4,0.16,0.064,0.0256,0.563,0.31697,0.17845,0.10047,0.02809,0.00079,0.00002,0,0.8175,0.66831,0.54634,0.44663
310,2005,10,01/10/2005,0.302,0.35,0.1225,0.04288,0.01501,0.35,0.1225,0.04288,0.01501,0.14167,0.02007,0.00284,0.0004,0.593,0.35165,0.20853,0.12366
311,2005,11,01/11/2005,0.531,0.2,0.04,0.008,0.0016,0.144,0.02074,0.00299,0.00043,0.24632,0.06067,0.01495,0.00368,0.2819,0.07947,0.0224,0.00632
312,2005,12,01/12/2005,0.692,0.25,0.0625,0.01563,0.00391,0,0,0,0,0.29728,0.08838,0.02627,0.00781,0.3509,0.12313,0.04321,0.01516
313,2006,1,01/01/2006,0.791,0.1,0.01,0.001,0.0001,0.088,0.00774,0.00068,0.00006,0.78754,0.62022,0.48845,0.38467,0.1825,0.03331,0.00608,0.00111
314,2006,2,01/02/2006,0.859,0.1,0.01,0.001,0.0001,0.288,0.08294,0.02389,0.00688,0.81402,0.66263,0.53939,0.43908,0.2971,0.08827,0.02622,0.00779
315,2006,3,01/03/2006,0.867,0,0,0,0,0.494,0.24404,0.12055,0.05955,0.72573,0.52668,0.38223,0.2774,0.1906,0.03633,0.00692,0.00132
316,2006,4,01/04/2006,0.826,0.05,0.0025,0.00013,0.00001,0.706,0.49844,0.3519,0.24844,0.71009,0.50423,0.35805,0.25425,0.3602,0.12974,0.04673,0.01683
317,2006,5,01/05/2006,0.715,0.2,0.04,0.008,0.0016,0.925,0.85563,0.79145,0.73209,0.55449,0.30746,0.17048,0.09453,0.7111,0.50566,0.35958,0.2557
318,2006,6,01/06/2006,0.587,0.65,0.4225,0.27463,0.17851,1.088,1.18374,1.28791,1.40125,0.44011,0.1937,0.08525,0.03752,0.8959,0.80264,0.71908,0.64423
319,2006,7,01/07/2006,0.391,1,1,1,1,0.994,0.98804,0.98211,0.97622,0.25172,0.06336,0.01595,0.00401,0.9392,0.8821,0.82847,0.77809
320,2006,8,01/08/2006,0.234,0.85,0.7225,0.61413,0.52201,0.775,0.60063,0.46548,0.36075,0.11371,0.01293,0.00147,0.00017,0.8655,0.74909,0.64834,0.56114
321,2006,9,01/09/2006,0.183,0.4,0.16,0.064,0.0256,0.563,0.31697,0.17845,0.10047,0.08062,0.0065,0.00052,0.00004,0.8281,0.68575,0.56787,0.47025
322,2006,10,01/10/2006,0.317,0.35,0.1225,0.04288,0.01501,0.35,0.1225,0.04288,0.01501,0.2134,0.04554,0.00972,0.00207,0.6573,0.43204,0.28398,0.18666
323,2006,11,01/11/2006,0.486,0.2,0.04,0.008,0.0016,0.144,0.02074,0.00299,0.00043,0.17959,0.03225,0.00579,0.00104,0.3567,0.12723,0.04538,0.01619
324,2006,12,01/12/2006,0.669,0.25,0.0625,0.01563,0.00391,0,0,0,0,0.39259,0.15413,0.06051,0.02376,0.3322,0.11036,0.03666,0.01218
325,2007,1,01/01/2007,0.809,0.1,0.01,0.001,0.0001,0.088,0.00774,0.00068,0.00006,0.53305,0.28414,0.15146,0.08074,0.248,0.0615,0.01525,0.00378
326,2007,2,01/02/2007,0.874,0.1,0.01,0.001,0.0001,0.288,0.08294,0.02389,0.00688,0.78455,0.61552,0.48291,0.37886,0.2327,0.05415,0.0126,0.00293
327,2007,3,01/03/2007,0.876,0,0,0,0,0.494,0.24404,0.12055,0.05955,0.68866,0.47425,0.3266,0.22492,0.1474,0.02173,0.0032,0.00047
328,2007,4,01/04/2007,0.821,0.05,0.0025,0.00013,0.00001,0.706,0.49844,0.3519,0.24844,0.58151,0.33815,0.19664,0.11435,0.5053,0.25533,0.12902,0.06519
329,2007,5,01/05/2007,0.736,0.2,0.04,0.008,0.0016,0.925,0.85563,0.79145,0.73209,0.57834,0.33448,0.19344,0.11187,0.6468,0.41835,0.27059,0.17502
330,2007,6,01/06/2007,0.611,0.65,0.4225,0.27463,0.17851,1.088,1.18374,1.28791,1.40125,0.35176,0.12374,0.04353,0.01531,0.8994,0.80892,0.72754,0.65435
331,2007,7,01/07/2007,0.349,1,1,1,1,0.994,0.98804,0.98211,0.97622,0.21072,0.0444,0.00936,0.00197,0.9696,0.94012,0.91154,0.88383
332,2007,8,01/08/2007,0.141,0.85,0.7225,0.61413,0.52201,0.775,0.60063,0.46548,0.36075,0.10536,0.0111,0.00117,0.00012,0.9181,0.84291,0.77387,0.71049
333,2007,9,01/09/2007,0.056,0.4,0.16,0.064,0.0256,0.563,0.31697,0.17845,0.10047,0.06494,0.00422,0.00027,0.00002,0.8117,0.65886,0.53479,0.43409
334,2007,10,01/10/2007,0.197,0.35,0.1225,0.04288,0.01501,0.35,0.1225,0.04288,0.01501,0.18263,0.03335,0.00609,0.00111,0.5731,0.32844,0.18823,0.10788
335,2007,11,01/11/2007,0.494,0.2,0.04,0.008,0.0016,0.144,0.02074,0.00299,0.00043,0.28924,0.08366,0.0242,0.007,0.4854,0.23561,0.11437,0.05551
336,2007,12,01/12/2007,0.676,0.25,0.0625,0.01563,0.00391,0,0,0,0,0.27561,0.07596,0.02094,0.00577,0.3251,0.10569,0.03436,0.01117
337,2008,1,01/01/2008,0.824,0.1,0.01,0.001,0.0001,0.088,0.00774,0.00068,0.00006,0.53037,0.28129,0.14919,0.07913,0.186,0.0346,0.00643,0.0012
338,2008,2,01/02/2008,0.909,0.1,0.01,0.001,0.0001,0.288,0.08294,0.02389,0.00688,0.74551,0.55579,0.41434,0.3089,0.1789,0.03201,0.00573,0.00102
339,2008,3,01/03/2008,0.927,0,0,0,0,0.494,0.24404,0.12055,0.05955,0.73153,0.53514,0.39147,0.28637,0.2094,0.04385,0.00918,0.00192
340,2008,4,01/04/2008,0.861,0.05,0.0025,0.00013,0.00001,0.706,0.49844,0.3519,0.24844,0.63729,0.40614,0.25883,0.16495,0.4538,0.20593,0.09345,0.04241
341,2008,5,01/05/2008,0.751,0.2,0.04,0.008,0.0016,0.925,0.85563,0.79145,0.73209,0.41706,0.17394,0.07254,0.03025,0.7123,0.50737,0.3614,0.25743
342,2008,6,01/06/2008,0.61,0.65,0.4225,0.27463,0.17851,1.088,1.18374,1.28791,1.40125,0.33649,0.11323,0.0381,0.01282,0.8947,0.80049,0.7162,0.64078
343,2008,7,01/07/2008,0.408,1,1,1,1,0.994,0.98804,0.98211,0.97622,0.21492,0.04619,0.00993,0.00213,0.9357,0.87553,0.81924,0.76656
344,2008,8,01/08/2008,0.187,0.85,0.7225,0.61413,0.52201,0.775,0.60063,0.46548,0.36075,0.0983,0.00966,0.00095,0.00009,0.862,0.74304,0.6405,0.55211
345,2008,9,01/09/2008,0.089,0.4,0.16,0.064,0.0256,0.563,0.31697,0.17845,0.10047,0.04582,0.0021,0.0001,0,0.7591,0.57623,0.43742,0.33204
346,2008,10,01/10/2008,0.302,0.35,0.1225,0.04288,0.01501,0.35,0.1225,0.04288,0.01501,0.09567,0.00915,0.00088,0.00008,0.4971,0.24711,0.12284,0.06106
347,2008,11,01/11/2008,0.541,0.2,0.04,0.008,0.0016,0.144,0.02074,0.00299,0.00043,0.24381,0.05944,0.01449,0.00353,0.3556,0.12645,0.04497,0.01599
348,2008,12,01/12/2008,0.702,0.25,0.0625,0.01563,0.00391,0,0,0,0,0.30183,0.0911,0.0275,0.0083,0.3029,0.09175,0.02779,0.00842
349,2009,1,01/01/2009,0.826,0.1,0.01,0.001,0.0001,0.088,0.00774,0.00068,0.00006,0.91862,0.84386,0.77519,0.7121,0.1731,0.02996,0.00519,0.0009
350,2009,2,01/02/2009,0.898,0.1,0.01,0.001,0.0001,0.288,0.08294,0.02389,0.00688,0.94694,0.8967,0.84912,0.80406,0.1754,0.03077,0.0054,0.00095
351,2009,3,01/03/2009,0.911,0,0,0,0,0.494,0.24404,0.12055,0.05955,0.77405,0.59915,0.46377,0.35898,0.1906,0.03633,0.00692,0.00132
352,2009,4,01/04/2009,0.873,0.05,0.0025,0.00013,0.00001,0.706,0.49844,0.3519,0.24844,0.64712,0.41876,0.27099,0.17536,0.4409,0.19439,0.08571,0.03779
353,2009,5,01/05/2009,0.768,0.2,0.04,0.008,0.0016,0.925,0.85563,0.79145,0.73209,0.5678,0.3224,0.18306,0.10394,0.7216,0.52071,0.37574,0.27114
354,2009,6,01/06/2009,0.619,0.65,0.4225,0.27463,0.17851,1.088,1.18374,1.28791,1.40125,0.3682,0.13557,0.04992,0.01838,0.8877,0.78801,0.69952,0.62096
355,2009,7,01/07/2009,0.391,1,1,1,1,0.994,0.98804,0.98211,0.97622,0.21117,0.04459,0.00942,0.00199,0.9614,0.92429,0.88861,0.85431
356,2009,8,01/08/2009,0.205,0.85,0.7225,0.61413,0.52201,0.775,0.60063,0.46548,0.36075,0.09366,0.00877,0.00082,0.00008,0.8912,0.79424,0.70782,0.63081
357,2009,9,01/09/2009,0.135,0.4,0.16,0.064,0.0256,0.563,0.31697,0.17845,0.10047,0.05967,0.00356,0.00021,0.00001,0.7754,0.60125,0.46621,0.3615
358,2009,10,01/10/2009,0.268,0.35,0.1225,0.04288,0.01501,0.35,0.1225,0.04288,0.01501,0.15333,0.02351,0.0036,0.00055,0.6363,0.40488,0.25762,0.16393
359,2009,11,01/11/2009,0.495,0.2,0.04,0.008,0.0016,0.144,0.02074,0.00299,0.00043,0.38298,0.14667,0.05617,0.02151,0.3123,0.09753,0.03046,0.00951
360,2009,12,01/12/2009,0.689,0.25,0.0625,0.01563,0.00391,0,0,0,0,0.35833,0.1284,0.04601,0.01649,0.3263,0.10647,0.03474,0.01134
361,2010,1,01/01/2010,0.812,0.1,0.01,0.001,0.0001,0.088,0.00774,0.00068,0.00006,0.67128,0.45062,0.30249,0.20306,0.1719,0.02955,0.00508,0.00087
362,2010,2,01/02/2010,0.879,0.1,0.01,0.001,0.0001,0.288,0.08294,0.02389,0.00688,0.93484,0.87393,0.81698,0.76375,0.262,0.06864,0.01798,0.00471
363,2010,3,01/03/2010,0.924,0,0,0,0,0.494,0.24404,0.12055,0.05955,0.83024,0.6893,0.57228,0.47513,0.2386,0.05693,0.01358,0.00324
364,2010,4,01/04/2010,0.886,0.05,0.0025,0.00013,0.00001,0.706,0.49844,0.3519,0.24844,0.72456,0.52499,0.38038,0.27561,0.5029,0.25291,0.12719,0.06396
365,2010,5,01/05/2010,0.743,0.2,0.04,0.008,0.0016,0.925,0.85563,0.79145,0.73209,0.59786,0.35744,0.2137,0.12776,0.6912,0.47776,0.33023,0.22825
366,2010,6,01/06/2010,0.561,0.65,0.4225,0.27463,0.17851,1.088,1.18374,1.28791,1.40125,0.46445,0.21571,0.10019,0.04653,0.8842,0.78181,0.69128,0.61123
367,2010,7,01/07/2010,0.359,1,1,1,1,0.994,0.98804,0.98211,0.97622,0.27276,0.0744,0.02029,0.00554,0.9474,0.89757,0.85035,0.80563
368,2010,8,01/08/2010,0.184,0.85,0.7225,0.61413,0.52201,0.775,0.60063,0.46548,0.36075,0.14256,0.02032,0.0029,0.00041,0.9287,0.86248,0.80099,0.74388
369,2010,9,01/09/2010,0.104,0.4,0.16,0.064,0.0256,0.563,0.31697,0.17845,0.10047,0.09116,0.00831,0.00076,0.00007,0.7953,0.6325,0.50303,0.40006
370,2010,10,01/10/2010,0.272,0.35,0.1225,0.04288,0.01501,0.35,0.1225,0.04288,0.01501,0.16954,0.02874,0.00487,0.00083,0.6,0.36,0.216,0.1296
371,2010,11,01/11/2010,0.482,0.2,0.04,0.008,0.0016,0.144,0.02074,0.00299,0.00043,0.23484,0.05515,0.01295,0.00304,0.4877,0.23785,0.116,0.05657
372,2010,12,01/12/2010,0.66,0.25,0.0625,0.01563,0.00391,0,0,0,0,0.3067,0.09406,0.02885,0.00885,0.1906,0.03633,0.00692,0.00132
373,2011,1,01/01/2011,0.79,0.1,0.01,0.001,0.0001,0.088,0.00774,0.00068,0.00006,0.39232,0.15391,0.06038,0.02369,0.2667,0.07113,0.01897,0.00506
374,2011,2,01/02/2011,0.862,0.1,0.01,0.001,0.0001,0.288,0.08294,0.02389,0.00688,0.53573,0.28701,0.15376,0.08237,0.2515,0.06325,0.01591,0.004
375,2011,3,01/03/2011,0.877,0,0,0,0,0.494,0.24404,0.12055,0.05955,0.38656,0.14943,0.05776,0.02233,0.2889,0.08346,0.02411,0.00697
376,2011,4,01/04/2011,0.842,0.05,0.0025,0.00013,0.00001,0.706,0.49844,0.3519,0.24844,0.61295,0.37571,0.23029,0.14116,0.3649,0.13315,0.04859,0.01773
377,2011,5,01/05/2011,0.728,0.2,0.04,0.008,0.0016,0.925,0.85563,0.79145,0.73209,0.57463,0.3302,0.18974,0.10903,0.6819,0.46499,0.31708,0.21621
378,2011,6,01/06/2011,0.573,0.65,0.4225,0.27463,0.17851,1.088,1.18374,1.28791,1.40125,0.32434,0.1052,0.03412,0.01107,0.8877,0.78801,0.69952,0.62096
379,2011,7,01/07/2011,0.331,1,1,1,1,0.994,0.98804,0.98211,0.97622,0.19245,0.03704,0.00713,0.00137,0.9591,0.91987,0.88225,0.84617
380,2011,8,01/08/2011,0.154,0.85,0.7225,0.61413,0.52201,0.775,0.60063,0.46548,0.36075,0.0661,0.00437,0.00029,0.00002,0.9029,0.81523,0.73607,0.6646
381,2011,9,01/09/2011,0.079,0.4,0.16,0.064,0.0256,0.563,0.31697,0.17845,0.10047,0.0222,0.00049,0.00001,0,0.8082,0.65319,0.52791,0.42665
382,2011,10,01/10/2011,0.231,0.35,0.1225,0.04288,0.01501,0.35,0.1225,0.04288,0.01501,0.0912,0.00832,0.00076,0.00007,0.6105,0.37271,0.22754,0.13891
383,2011,11,01/11/2011,0.495,0.2,0.04,0.008,0.0016,0.144,0.02074,0.00299,0.00043,0.15918,0.02534,0.00403,0.00064,0.283,0.08009,0.02267,0.00641
384,2011,12,01/12/2011,0.685,0.25,0.0625,0.01563,0.00391,0,0,0,0,0.39357,0.1549,0.06096,0.02399,0.2409,0.05803,0.01398,0.00337
385,2012,1,01/01/2012,0.812,0.1,0.01,0.001,0.0001,0.088,0.00774,0.00068,0.00006,0.72421,0.52448,0.37983,0.27508,0.0538,0.00289,0.00016,0.00001
386,2012,2,01/02/2012,0.877,0.1,0.01,0.001,0.0001,0.288,0.08294,0.02389,0.00688,0.69169,0.47844,0.33093,0.2289,0.2667,0.07113,0.01897,0.00506
387,2012,3,01/03/2012,0.929,0,0,0,0,0.494,0.24404,0.12055,0.05955,0.71519,0.5115,0.36582,0.26163,0.124,0.01538,0.00191,0.00024
388,2012,4,01/04/2012,0.883,0.05,0.0025,0.00013,0.00001,0.706,0.49844,0.3519,0.24844,0.70402,0.49564,0.34894,0.24566,0.4632,0.21455,0.09938,0.04603
389,2012,5,01/05/2012,0.754,0.2,0.04,0.008,0.0016,0.925,0.85563,0.79145,0.73209,0.54926,0.30169,0.1657,0.09101,0.6749,0.45549,0.30741,0.20747
390,2012,6,01/06/2012,0.567,0.65,0.4225,0.27463,0.17851,1.088,1.18374,1.28791,1.40125,0.30844,0.09514,0.02934,0.00905,0.9064,0.82156,0.74466,0.67496
391,2012,7,01/07/2012,0.327,1,1,1,1,0.994,0.98804,0.98211,0.97622,0.18857,0.03556,0.00671,0.00126,0.9661,0.93335,0.90171,0.87114
392,2012,8,01/08/2012,0.092,0.85,0.7225,0.61413,0.52201,0.775,0.60063,0.46548,0.36075,0.08062,0.0065,0.00052,0.00004,0.9287,0.86248,0.80099,0.74388
393,2012,9,01/09/2012,0,0.4,0.16,0.064,0.0256,0.563,0.31697,0.17845,0.10047,0.05078,0.00258,0.00013,0.00001,0.7965,0.63441,0.50531,0.40248
394,2012,10,01/10/2012,0.185,0.35,0.1225,0.04288,0.01501,0.35,0.1225,0.04288,0.01501,0.08843,0.00782,0.00069,0.00006,0.6164,0.37995,0.2342,0.14436
395,2012,11,01/11/2012,0.465,0.2,0.04,0.008,0.0016,0.144,0.02074,0.00299,0.00043,0.1331,0.01772,0.00236,0.00031,0.3357,0.11269,0.03783,0.0127
396,2012,12,01/12/2012,0.674,0.25,0.0625,0.01563,0.00391,0,0,0,0,0.33251,0.11056,0.03676,0.01222,0.193,0.03725,0.00719,0.00139
397,2013,1,01/01/2013,0.809,0.1,0.01,0.001,0.0001,0.088,0.00774,0.00068,0.00006,0.6992,0.48888,0.34183,0.239,0.283,0.08009,0.02267,0.00641
398,2013,2,01/02/2013,0.891,0.1,0.01,0.001,0.0001,0.288,0.08294,0.02389,0.00688,0.68294,0.46641,0.31853,0.21754,0.1649,0.02719,0.00448,0.00074
399,2013,3,01/03/2013,0.915,0,0,0,0,0.494,0.24404,0.12055,0.05955,0.69696,0.48575,0.33855,0.23596,0.2877,0.08277,0.02381,0.00685
400,2013,4,01/04/2013,0.857,0.05,0.0025,0.00013,0.00001,0.706,0.49844,0.3519,0.24844,0.66302,0.4396,0.29146,0.19324,0.3591,0.12895,0.04631,0.01663
401,2013,5,01/05/2013,0.753,0.2,0.04,0.008,0.0016,0.925,0.85563,0.79145,0.73209,0.64288,0.41329,0.2657,0.17081,0.6304,0.3974,0.25052,0.15793
402,2013,6,01/06/2013,0.622,0.65,0.4225,0.27463,0.17851,1.088,1.18374,1.28791,1.40125,0.41206,0.16979,0.06997,0.02883,0.9123,0.83229,0.7593,0.69271
403,2013,7,01/07/2013,0.364,1,1,1,1,0.994,0.98804,0.98211,0.97622,0.25837,0.06676,0.01725,0.00446,0.9661,0.93335,0.90171,0.87114
404,2013,8,01/08/2013,0.195,0.85,0.7225,0.61413,0.52201,0.775,0.60063,0.46548,0.36075,0.12582,0.01583,0.00199,0.00025,0.8959,0.80264,0.71908,0.64423
405,2013,9,01/09/2013,0.131,0.4,0.16,0.064,0.0256,0.563,0.31697,0.17845,0.10047,0.08843,0.00782,0.00069,0.00006,0.7509,0.56385,0.4234,0.31793
406,2013,10,01/10/2013,0.31,0.35,0.1225,0.04288,0.01501,0.35,0.1225,0.04288,0.01501,0.14297,0.02044,0.00292,0.00042,0.655,0.42903,0.28101,0.18406
407,2013,11,01/11/2013,0.509,0.2,0.04,0.008,0.0016,0.144,0.02074,0.00299,0.00043,0.15824,0.02504,0.00396,0.00063,0.3731,0.1392,0.05194,0.01938
408,2013,12,01/12/2013,0.688,0.25,0.0625,0.01563,0.00391,0,0,0,0,0.21478,0.04613,0.00991,0.00213,0.3146,0.09897,0.03114,0.0098
409,2014,1,01/01/2014,0.805,0.1,0.01,0.001,0.0001,0.088,0.00774,0.00068,0.00006,0.49763,0.24764,0.12323,0.06132,0.352,0.1239,0.04361,0.01535
410,2014,2,01/02/2014,0.867,0.1,0.01,0.001,0.0001,0.288,0.08294,0.02389,0.00688,0.55851,0.31193,0.17422,0.0973,0.2643,0.06985,0.01846,0.00488
411,2014,3,01/03/2014,0.894,0,0,0,0,0.494,0.24404,0.12055,0.05955,0.76119,0.57941,0.44104,0.33572,0.3064,0.09388,0.02877,0.00881
412,2014,4,01/04/2014,0.84,0.05,0.0025,0.00013,0.00001,0.706,0.49844,0.3519,0.24844,0.75083,0.56375,0.42328,0.31781,0.4526,0.20485,0.09271,0.04196
413,2014,5,01/05/2014,0.729,0.2,0.04,0.008,0.0016,0.925,0.85563,0.79145,0.73209,0.58919,0.34714,0.20453,0.12051,0.7357,0.54125,0.3982,0.29296
414,2014,6,01/06/2014,0.596,0.65,0.4225,0.27463,0.17851,1.088,1.18374,1.28791,1.40125,0.35386,0.12522,0.04431,0.01568,0.8737,0.76335,0.66694,0.58271
415,2014,7,01/07/2014,0.363,1,1,1,1,0.994,0.98804,0.98211,0.97622,0.23033,0.05305,0.01222,0.00281,0.9263,0.85803,0.79479,0.73622
416,2014,8,01/08/2014,0.2,0.85,0.7225,0.61413,0.52201,0.775,0.60063,0.46548,0.36075,0.09933,0.00987,0.00098,0.0001,0.8971,0.80479,0.72198,0.64768
417,2014,9,01/09/2014,0.132,0.4,0.16,0.064,0.0256,0.563,0.31697,0.17845,0.10047,0.10264,0.01053,0.00108,0.00011,0.7825,0.61231,0.47913,0.37492
418,2014,10,01/10/2014,0.292,0.35,0.1225,0.04288,0.01501,0.35,0.1225,0.04288,0.01501,0.17017,0.02896,0.00493,0.00084,0.6129,0.37565,0.23023,0.14111
419,2014,11,01/11/2014,0.522,0.2,0.04,0.008,0.0016,0.144,0.02074,0.00299,0.00043,0.34806,0.12115,0.04217,0.01468,0.4596,0.21123,0.09708,0.04462
420,2014,12,01/12/2014,0.701,0.25,0.0625,0.01563,0.00391,0,0,0,0,0.43488,0.18912,0.08224,0.03577,0.3041,0.09248,0.02812,0.00855
421,2015,1,01/01/2015,0.801,0.1,0.01,0.001,0.0001,0.088,0.00774,0.00068,0.00006,0.80683,0.65097,0.52523,0.42377,0.2444,0.05973,0.0146,0.00357
422,2015,2,01/02/2015,0.865,0.1,0.01,0.001,0.0001,0.288,0.08294,0.02389,0.00688,0.72309,0.52286,0.37807,0.27338,0.317,0.10049,0.03186,0.0101
423,2015,3,01/03/2015,0.863,0,0,0,0,0.494,0.24404,0.12055,0.05955,0.75078,0.56367,0.42319,0.31772,0.276,0.07618,0.02102,0.0058
424,2015,4,01/04/2015,0.824,0.05,0.0025,0.00013,0.00001,0.706,0.49844,0.3519,0.24844,0.79107,0.62579,0.49505,0.39162,0.4947,0.24473,0.12107,0.05989
425,2015,5,01/05/2015,0.711,0.2,0.04,0.008,0.0016,0.925,0.85563,0.79145,0.73209,0.65029,0.42288,0.27499,0.17883,0.7719,0.59583,0.45992,0.35501
426,2015,6,01/06/2015,0.584,0.65,0.4225,0.27463,0.17851,1.088,1.18374,1.28791,1.40125,0.39522,0.1562,0.06173,0.0244,0.9158,0.83869,0.76807,0.7034
427,2015,7,01/07/2015,0.384,1,1,1,1,0.994,0.98804,0.98211,0.97622,0.24779,0.0614,0.01521,0.00377,0.9415,0.88642,0.83457,0.78574
428,2015,8,01/08/2015,0.162,0.85,0.7225,0.61413,0.52201,0.775,0.60063,0.46548,0.36075,0.1351,0.01825,0.00247,0.00033,0.8772,0.76948,0.67499,0.5921
429,2015,9,01/09/2015,0.084,0.4,0.16,0.064,0.0256,0.563,0.31697,0.17845,0.10047,0.09116,0.00831,0.00076,0.00007,0.7368,0.54287,0.39999,0.29471
430,2015,10,01/10/2015,0.272,0.35,0.1225,0.04288,0.01501,0.35,0.1225,0.04288,0.01501,0.17896,0.03203,0.00573,0.00103,0.6129,0.37565,0.23023,0.14111
431,2015,11,01/11/2015,0.502,0.2,0.04,0.008,0.0016,0.144,0.02074,0.00299,0.00043,0.23573,0.05557,0.0131,0.00309,0.4058,0.16467,0.06682,0.02712
432,2015,12,01/12/2015,0.677,0.25,0.0625,0.01563,0.00391,0,0,0,0,0.3146,0.09897,0.03114,0.0098,0.2409,0.05803,0.01398,0.00337
433,2016,1,01/01/2016,0.79,0.1,0.01,0.001,0.0001,0.088,0.00774,0.00068,0.00006,0.48615,0.23634,0.1149,0.05586,0.3918,0.15351,0.06014,0.02356
434,2016,2,01/02/2016,0.849,0.1,0.01,0.001,0.0001,0.288,0.08294,0.02389,0.00688,0.50116,0.25116,0.12587,0.06308,0.3602,0.12974,0.04673,0.01683
435,2016,3,01/03/2016,0.865,0,0,0,0,0.494,0.24404,0.12055,0.05955,0.82787,0.68537,0.5674,0.46973,0.3287,0.10804,0.03551,0.01167
436,2016,4,01/04/2016,0.808,0.05,0.0025,0.00013,0.00001,0.706,0.49844,0.3519,0.24844,0.69352,0.48097,0.33356,0.23133,0.5567,0.30991,0.17253,0.09605
437,2016,5,01/05/2016,0.667,0.2,0.04,0.008,0.0016,0.925,0.85563,0.79145,0.73209,0.48977,0.23987,0.11748,0.05754,0.7684,0.59044,0.45369,0.34862
438,2016,6,01/06/2016,0.546,0.65,0.4225,0.27463,0.17851,1.088,1.18374,1.28791,1.40125,0.37052,0.13729,0.05087,0.01885,0.8854,0.78393,0.69409,0.61455
439,2016,7,01/07/2016,0.349,1,1,1,1,0.994,0.98804,0.98211,0.97622,0.21233,0.04508,0.00957,0.00203,0.952,0.9063,0.8628,0.82139
440,2016,8,01/08/2016,0.144,0.85,0.7225,0.61413,0.52201,0.775,0.60063,0.46548,0.36075,0.12809,0.01641,0.0021,0.00027,0.9053,0.81957,0.74195,0.67169
441,2016,9,01/09/2016,0.077,0.4,0.16,0.064,0.0256,0.563,0.31697,0.17845,0.10047,0.08566,0.00734,0.00063,0.00005,0.7719,0.59583,0.45992,0.35501
442,2016,10,01/10/2016,0.2,0.35,0.1225,0.04288,0.01501,0.35,0.1225,0.04288,0.01501,0.16253,0.02642,0.00429,0.0007,0.6585,0.43362,0.28554,0.18803
443,2016,11,01/11/2016,0.407,0.2,0.04,0.008,0.0016,0.144,0.02074,0.00299,0.00043,0.35891,0.12882,0.04623,0.01659,0.4339,0.18827,0.08169,0.03545
444,2016,12,01/12/2016,0.63,0.25,0.0625,0.01563,0.00391,0,0,0,0,0.35221,0.12405,0.04369,0.01539,0.2819,0.07947,0.0224,0.00632
445,2017,1,01/01/2017,0.768,0.1,0.01,0.001,0.0001,0.088,0.00774,0.00068,0.00006,0.59022,0.34836,0.20561,0.12135,0.3006,0.09036,0.02716,0.00816
446,2017,2,01/02/2017,0.843,0.1,0.01,0.001,0.0001,0.288,0.08294,0.02389,0.00688,0.63421,0.40222,0.25509,0.16178,0.2561,0.06559,0.0168,0.0043
447,2017,3,01/03/2017,0.856,0,0,0,0,0.494,0.24404,0.12055,0.05955,0.66311,0.43971,0.29158,0.19335,0.2292,0.05253,0.01204,0.00276
448,2017,4,01/04/2017,0.813,0.05,0.0025,0.00013,0.00001,0.706,0.49844,0.3519,0.24844,0.67593,0.45688,0.30882,0.20874,0.4713,0.22212,0.10469,0.04934
449,2017,5,01/05/2017,0.724,0.2,0.04,0.008,0.0016,0.925,0.85563,0.79145,0.73209,0.55123,0.30385,0.16749,0.09233,0.7298,0.53261,0.3887,0.28367
450,2017,6,01/06/2017,0.574,0.65,0.4225,0.27463,0.17851,1.088,1.18374,1.28791,1.40125,0.34578,0.11956,0.04134,0.0143,0.8854,0.78393,0.69409,0.61455
451,2017,7,01/07/2017,0.349,1,1,1,1,0.994,0.98804,0.98211,0.97622,0.22702,0.05154,0.0117,0.00266,0.9883,0.97674,0.96531,0.95401
452,2017,8,01/08/2017,0.153,0.85,0.7225,0.61413,0.52201,0.775,0.60063,0.46548,0.36075,0.13729,0.01885,0.00259,0.00036,0.8994,0.80892,0.72754,0.65435
453,2017,9,01/09/2017,0.1,0.4,0.16,0.064,0.0256,0.563,0.31697,0.17845,0.10047,0.07057,0.00498,0.00035,0.00002,0.8012,0.64192,0.51431,0.41206
454,2017,10,01/10/2017,0.256,0.35,0.1225,0.04288,0.01501,0.35,0.1225,0.04288,0.01501,0.14547,0.02116,0.00308,0.00045,0.614,0.377,0.23148,0.14213
455,2017,11,01/11/2017,0.473,0.2,0.04,0.008,0.0016,0.144,0.02074,0.00299,0.00043,0.20464,0.04188,0.00857,0.00175,0.4901,0.2402,0.11772,0.0577
456,2017,12,01/12/2017,0.653,0.25,0.0625,0.01563,0.00391,0,0,0,0,0.4255,0.18105,0.07704,0.03278,0.4655,0.21669,0.10087,0.04695
457,2018,1,01/01/2018,0.76,0.1,0.01,0.001,0.0001,0.088,0.00774,0.00068,0.00006,0.39705,0.15765,0.06259,0.02485,0.2737,0.07491,0.0205,0.00561
458,2018,2,01/02/2018,0.831,0.1,0.01,0.001,0.0001,0.288,0.08294,0.02389,0.00688,0.91251,0.83267,0.75982,0.69335,0.3906,0.15257,0.05959,0.02328
459,2018,3,01/03/2018,0.857,0,0,0,0,0.494,0.24404,0.12055,0.05955,0.77052,0.5937,0.45746,0.35248,0.3895,0.15171,0.05909,0.02302
460,2018,4,01/04/2018,0.809,0.05,0.0025,0.00013,0.00001,0.706,0.49844,0.3519,0.24844,0.67566,0.45652,0.30845,0.20841,0.4538,0.20593,0.09345,0.04241
461,2018,5,01/05/2018,0.692,0.2,0.04,0.008,0.0016,0.925,0.85563,0.79145,0.73209,0.6414,0.41139,0.26387,0.16924,0.6994,0.48916,0.34212,0.23928
462,2018,6,01/06/2018,0.576,0.65,0.4225,0.27463,0.17851,1.088,1.18374,1.28791,1.40125,0.44319,0.19642,0.08705,0.03858,0.8643,0.74701,0.64564,0.55803
463,2018,7,01/07/2018,0.375,1,1,1,1,0.994,0.98804,0.98211,0.97622,0.24752,0.06127,0.01516,0.00375,0.9637,0.92872,0.89501,0.86252
464,2018,8,01/08/2018,0.163,0.85,0.7225,0.61413,0.52201,0.775,0.60063,0.46548,0.36075,0.13685,0.01873,0.00256,0.00035,0.8667,0.75117,0.65104,0.56425
465,2018,9,01/09/2018,0.097,0.4,0.16,0.064,0.0256,0.563,0.31697,0.17845,0.10047,0.10969,0.01203,0.00132,0.00014,0.7953,0.6325,0.50303,0.40006
466,2018,10,01/10/2018,0.204,0.35,0.1225,0.04288,0.01501,0.35,0.1225,0.04288,0.01501,0.10715,0.01148,0.00123,0.00013,0.6339,0.40183,0.25472,0.16147
467,2018,11,01/11/2018,0.499,0.2,0.04,0.008,0.0016,0.144,0.02074,0.00299,0.00043,0.27106,0.07347,0.01992,0.0054,0.4444,0.19749,0.08777,0.039
468,2018,12,01/12/2018,0.662,0.25,0.0625,0.01563,0.00391,0,0,0,0,0.51478,0.265,0.13642,0.07022,0.2877,0.08277,0.02381,0.00685
469,2019,1,01/01/2019,0.799,0.1,0.01,0.001,0.0001,0.088,0.00774,0.00068,0.00006,0.71027,0.50448,0.35832,0.2545,0.2632,0.06927,0.01823,0.0048
470,2019,2,01/02/2019,0.864,0.1,0.01,0.001,0.0001,0.288,0.08294,0.02389,0.00688,0.6774,0.45887,0.31084,0.21056,0.3953,0.15626,0.06177,0.02442
471,2019,3,01/03/2019,0.879,0,0,0,0,0.494,0.24404,0.12055,0.05955,0.71148,0.5062,0.36015,0.25624,0.4889,0.23902,0.11686,0.05713
472,2019,4,01/04/2019,0.788,0.05,0.0025,0.00013,0.00001,0.706,0.49844,0.3519,0.24844,0.75221,0.56582,0.42562,0.32015,0.4877,0.23785,0.116,0.05657
473,2019,5,01/05/2019,0.688,0.2,0.04,0.008,0.0016,0.925,0.85563,0.79145,0.73209,0.67481,0.45537,0.30729,0.20736,0.7602,0.5779,0.43932,0.33397
474,2019,6,01/06/2019,0.561,0.65,0.4225,0.27463,0.17851,1.088,1.18374,1.28791,1.40125,0.45248,0.20474,0.09264,0.04192,0.9064,0.82156,0.74466,0.67496
475,2019,7,01/07/2019,0.321,1,1,1,1,0.994,0.98804,0.98211,0.97622,0.25775,0.06644,0.01712,0.00441,1,1,1,1
476,2019,8,01/08/2019,0.117,0.85,0.7225,0.61413,0.52201,0.775,0.60063,0.46548,0.36075,0.16766,0.02811,0.00471,0.00079,0.9053,0.81957,0.74195,0.67169
477,2019,9,01/09/2019,0.063,0.4,0.16,0.064,0.0256,0.563,0.31697,0.17845,0.10047,0.08508,0.00724,0.00062,0.00005,0.8292,0.68757,0.57014,0.47276
478,2019,10,01/10/2019,0.173,0.35,0.1225,0.04288,0.01501,0.35,0.1225,0.04288,0.01501,0.09594,0.0092,0.00088,0.00008,0.648,0.4199,0.2721,0.17632
479,2019,11,01/11/2019,0.462,0.2,0.04,0.008,0.0016,0.144,0.02074,0.00299,0.00043,0.33814,0.11434,0.03866,0.01307,0.476,0.22658,0.10785,0.05134
480,2019,12,01/12/2019,0.665,0.25,0.0625,0.01563,0.00391,0,0,0,0,0.37012,0.13699,0.0507,0.01877,0.2737,0.07491,0.0205,0.00561
481,2020,1,01/01/2020,0.805,0.1,0.01,0.001,0.0001,0.088,0.00774,0.00068,0.00006,0.36985,0.13679,0.05059,0.01871,0.1673,0.02799,0.00468,0.00078
482,2020,2,01/02/2020,0.887,0.1,0.01,0.001,0.0001,0.288,0.08294,0.02389,0.00688,0.39763,0.15811,0.06287,0.025,0.0667,0.00445,0.0003,0.00002
483,2020,3,01/03/2020,0.895,0,0,0,0,0.494,0.24404,0.12055,0.05955,0.33216,0.11033,0.03665,0.01217,0.2854,0.08145,0.02325,0.00663
484,2020,4,01/04/2020,0.812,0.05,0.0025,0.00013,0.00001,0.706,0.49844,0.3519,0.24844,0.40875,0.16708,0.06829,0.02791,0.4982,0.2482,0.12365,0.0616
485,2020,5,01/05/2020,0.702,0.2,0.04,0.008,0.0016,0.925,0.85563,0.79145,0.73209,0.48848,0.23861,0.11656,0.05694,0.7053,0.49745,0.35085,0.24745
486,2020,6,01/06/2020,0.56,0.65,0.4225,0.27463,0.17851,1.088,1.18374,1.28791,1.40125,0.33332,0.1111,0.03703,0.01234,0.8912,0.79424,0.70782,0.63081
487,2020,7,01/07/2020,0.296,1,1,1,1,0.994,0.98804,0.98211,0.97622,0.18343,0.03365,0.00617,0.00113,0.9216,0.84935,0.78276,0.72139
488,2020,8,01/08/2020,0.121,0.85,0.7225,0.61413,0.52201,0.775,0.60063,0.46548,0.36075,0.0841,0.00707,0.00059,0.00005,0.9123,0.83229,0.7593,0.69271
489,2020,9,01/09/2020,0.028,0.4,0.16,0.064,0.0256,0.563,0.31697,0.17845,0.10047,0.09857,0.00972,0.00096,0.00009,0.7953,0.6325,0.50303,0.40006
490,2020,10,01/10/2020,0.137,0.35,0.1225,0.04288,0.01501,0.35,0.1225,0.04288,0.01501,0.12546,0.01574,0.00197,0.00025,0.6292,0.39589,0.2491,0.15673