observation,year,month,date,Extent,Rainfall,Rainfall^2,Rainfall^3,Rainfall^4,Daylight,Daylight^2,Daylight^3,Daylight^4,Ozone,Ozone^2,Ozone^3,Ozone^4,MinTemp,MinTemp^2,MinTemp^3,MinTemp^4,ArcticIceVolume,ArcticIceVolume^2,ArcticIceVolume^3
1,1980,1,01/01/1980,0.902,0.1,0.01,0.001,0.0001,0.088,0.00774,0.00068,0.00006,0.528,0.27878,0.1472,0.07772,0.1895,0.03591,0.0068,0.00129,0.799170014,0.638672711,0.51040808
2,1980,2,01/02/1980,0.99,0.1,0.01,0.001,0.0001,0.288,0.08294,0.02389,0.00688,0.78602,0.61783,0.48562,0.38171,0.2608,0.06802,0.01774,0.00463,0.892699307,0.796912053,0.711402837
3,1980,3,01/03/1980,0.996,0,0,0,0,0.494,0.24404,0.12055,0.05955,0.87686,0.76888,0.6742,0.59118,0.2854,0.08145,0.02325,0.00663,0.962674046,0.926741319,0.892149815
4,1980,4,01/04/1980,0.947,0.05,0.0025,0.00013,0.00001,0.706,0.49844,0.3519,0.24844,0.86664,0.75106,0.6509,0.5641,0.386,0.149,0.05751,0.0222,1,1,1
5,1980,5,01/05/1980,0.816,0.2,0.04,0.008,0.0016,0.925,0.85563,0.79145,0.73209,0.70773,0.50088,0.35449,0.25088,0.6632,0.43983,0.2917,0.19345,0.984951518,0.970129493,0.955530517
6,1980,6,01/06/1980,0.689,0.65,0.4225,0.27463,0.17851,1.088,1.18374,1.28791,1.40125,0.48839,0.23852,0.11649,0.05689,0.8842,0.78181,0.69128,0.61123,0.894187284,0.799570899,0.71496613
7,1980,7,01/07/1980,0.522,1,1,1,1,0.994,0.98804,0.98211,0.97622,0.3138,0.09847,0.0309,0.0097,0.9076,0.82374,0.74762,0.67854,0.678005361,0.45969127,0.311673145
8,1980,8,01/08/1980,0.352,0.85,0.7225,0.61413,0.52201,0.775,0.60063,0.46548,0.36075,0.18522,0.03431,0.00635,0.00118,0.8526,0.72693,0.61978,0.52842,0.499395436,0.249395801,0.124547125
9,1980,9,01/09/1980,0.327,0.4,0.16,0.064,0.0256,0.563,0.31697,0.17845,0.10047,0.11965,0.01432,0.00171,0.0002,0.7029,0.49407,0.34728,0.2441,0.439767407,0.193395372,0.085048981
10,1980,10,01/10/1980,0.448,0.35,0.1225,0.04288,0.01501,0.35,0.1225,0.04288,0.01501,0.1644,0.02703,0.00444,0.00073,0.5591,0.31259,0.17477,0.09771,0.470504084,0.221374093,0.104157415
11,1980,11,01/11/1980,0.624,0.2,0.04,0.008,0.0016,0.144,0.02074,0.00299,0.00043,0.2448,0.05993,0.01467,0.00359,0.3649,0.13315,0.04859,0.01773,0.538289038,0.289755088,0.155971988
12,1980,12,01/12/1980,0.8,0.25,0.0625,0.01563,0.00391,0,0,0,0,0.25444,0.06474,0.01647,0.00419,0.1579,0.02493,0.00394,0.00062,0.641424568,0.411425476,0.263898408
13,1981,1,01/01/1981,0.906,0.1,0.01,0.001,0.0001,0.088,0.00774,0.00068,0.00006,0.58589,0.34327,0.20112,0.11783,0.4175,0.17431,0.07277,0.03038,0.756417046,0.572166747,0.432796681
14,1981,2,01/02/1981,0.961,0.1,0.01,0.001,0.0001,0.288,0.08294,0.02389,0.00688,0.80862,0.65387,0.52873,0.42754,0.1942,0.03771,0.00732,0.00142,0.844174864,0.712631201,0.601585347
15,1981,3,01/03/1981,0.963,0,0,0,0,0.494,0.24404,0.12055,0.05955,0.80076,0.64122,0.51346,0.41116,0.3111,0.09678,0.03011,0.00937,0.916710798,0.840358687,0.770365883
16,1981,4,01/04/1981,0.914,0.05,0.0025,0.00013,0.00001,0.706,0.49844,0.3519,0.24844,0.7213,0.52027,0.37527,0.27068,0.3883,0.15078,0.05855,0.02273,0.947487311,0.897732205,0.850589872
17,1981,5,01/05/1981,0.817,0.2,0.04,0.008,0.0016,0.925,0.85563,0.79145,0.73209,0.60884,0.37069,0.22569,0.13741,0.7263,0.52751,0.38313,0.27827,0.922668563,0.851317277,0.785483689
18,1981,6,01/06/1981,0.708,0.65,0.4225,0.27463,0.17851,1.088,1.18374,1.28791,1.40125,0.45167,0.20401,0.09214,0.04162,0.8643,0.74701,0.64564,0.55803,0.812395432,0.659986338,0.536169886
19,1981,7,01/07/1981,0.535,1,1,1,1,0.994,0.98804,0.98211,0.97622,0.29402,0.08645,0.02542,0.00747,0.9135,0.83448,0.7623,0.69636,0.583927743,0.340971609,0.199102782
20,1981,8,01/08/1981,0.341,0.85,0.7225,0.61413,0.52201,0.775,0.60063,0.46548,0.36075,0.1502,0.02256,0.00339,0.00051,0.8538,0.72897,0.6224,0.5314,0.389840517,0.151975629,0.059246258
21,1981,9,01/09/1981,0.285,0.4,0.16,0.064,0.0256,0.563,0.31697,0.17845,0.10047,0.07937,0.0063,0.0005,0.00004,0.7205,0.51912,0.37403,0.26949,0.316319238,0.10005786,0.031650226
22,1981,10,01/10/1981,0.423,0.35,0.1225,0.04288,0.01501,0.35,0.1225,0.04288,0.01501,0.14252,0.02031,0.00289,0.00041,0.5567,0.30991,0.17253,0.09605,0.351592487,0.123617277,0.043462906
23,1981,11,01/11/1981,0.588,0.2,0.04,0.008,0.0016,0.144,0.02074,0.00299,0.00043,0.30782,0.09475,0.02917,0.00898,0.3719,0.13831,0.05144,0.01913,0.423816766,0.179620651,0.076126243
24,1981,12,01/12/1981,0.78,0.25,0.0625,0.01563,0.00391,0,0,0,0,0.48566,0.23587,0.11455,0.05563,0.2702,0.07301,0.01973,0.00533,0.523568613,0.274124093,0.143522771
25,1982,1,01/01/1982,0.927,0.1,0.01,0.001,0.0001,0.088,0.00774,0.00068,0.00006,0.73533,0.54071,0.3976,0.29237,0.2,0.04,0.008,0.0016,0.662151966,0.438445226,0.290317368
26,1982,2,01/02/1982,0.99,0.1,0.01,0.001,0.0001,0.288,0.08294,0.02389,0.00688,0.69933,0.48906,0.34202,0.23918,0.2526,0.06381,0.01612,0.00407,0.763701102,0.583239373,0.445420552
27,1982,3,01/03/1982,0.996,0,0,0,0,0.494,0.24404,0.12055,0.05955,0.746,0.55652,0.41516,0.30971,0.2561,0.06559,0.0168,0.0043,0.841059486,0.707381059,0.59494955
28,1982,4,01/04/1982,0.95,0.05,0.0025,0.00013,0.00001,0.706,0.49844,0.3519,0.24844,0.83801,0.70226,0.5885,0.49317,0.3626,0.13148,0.04767,0.01729,0.885216073,0.783607496,0.69366195
29,1982,5,01/05/1982,0.831,0.2,0.04,0.008,0.0016,0.925,0.85563,0.79145,0.73209,0.73305,0.53736,0.39391,0.28876,0.6222,0.38713,0.24087,0.14987,0.861687295,0.742504994,0.63980712
30,1982,6,01/06/1982,0.712,0.65,0.4225,0.27463,0.17851,1.088,1.18374,1.28791,1.40125,0.5146,0.26481,0.13627,0.07013,0.869,0.75516,0.65623,0.57027,0.769703389,0.592443307,0.456005621
31,1982,7,01/07/1982,0.543,1,1,1,1,0.994,0.98804,0.98211,0.97622,0.28218,0.07963,0.02247,0.00634,0.9298,0.86453,0.80384,0.74741,0.565302258,0.319566643,0.180651745
32,1982,8,01/08/1982,0.365,0.85,0.7225,0.61413,0.52201,0.775,0.60063,0.46548,0.36075,0.16798,0.02822,0.00474,0.0008,0.8713,0.75916,0.66146,0.57633,0.394803564,0.155869854,0.061537974
33,1982,9,01/09/1982,0.298,0.4,0.16,0.064,0.0256,0.563,0.31697,0.17845,0.10047,0.13354,0.01783,0.00238,0.00032,0.7754,0.60125,0.46621,0.3615,0.341333649,0.11650866,0.039768326
34,1982,10,01/10/1982,0.467,0.35,0.1225,0.04288,0.01501,0.35,0.1225,0.04288,0.01501,0.14136,0.01998,0.00282,0.0004,0.4421,0.19545,0.08641,0.0382,0.382121784,0.146017058,0.055796299
35,1982,11,01/11/1982,0.644,0.2,0.04,0.008,0.0016,0.144,0.02074,0.00299,0.00043,0.15525,0.0241,0.00374,0.00058,0.2982,0.08892,0.02652,0.00791,0.478564934,0.229024396,0.109603045
36,1982,12,01/12/1982,0.804,0.25,0.0625,0.01563,0.00391,0,0,0,0,0.27396,0.07505,0.02056,0.00563,0.2795,0.07812,0.02183,0.0061,0.591429723,0.349789117,0.206875681
37,1983,1,01/01/1983,0.908,0.1,0.01,0.001,0.0001,0.088,0.00774,0.00068,0.00006,0.49893,0.24893,0.1242,0.06197,0.1357,0.01841,0.0025,0.00034,0.726255641,0.527447256,0.383061545
38,1983,2,01/02/1983,0.994,0.1,0.01,0.001,0.0001,0.288,0.08294,0.02389,0.00688,0.65904,0.43433,0.28624,0.18865,0.2117,0.04482,0.00949,0.00201,0.826941282,0.683831884,0.565488815
39,1983,3,01/03/1983,1,0,0,0,0,0.494,0.24404,0.12055,0.05955,0.71291,0.50824,0.36233,0.25831,0.2234,0.04991,0.01115,0.00249,0.901439705,0.812593542,0.732504083
40,1983,4,01/04/1983,0.927,0.05,0.0025,0.00013,0.00001,0.706,0.49844,0.3519,0.24844,0.72296,0.52267,0.37787,0.27319,0.448,0.2007,0.08992,0.04028,0.935065635,0.874347742,0.817572526
41,1983,5,01/05/1983,0.792,0.2,0.04,0.008,0.0016,0.925,0.85563,0.79145,0.73209,0.59151,0.34988,0.20696,0.12242,0.6327,0.40031,0.25328,0.16025,0.927417201,0.860102665,0.797674006
42,1983,6,01/06/1983,0.697,0.65,0.4225,0.27463,0.17851,1.088,1.18374,1.28791,1.40125,0.41385,0.17127,0.07088,0.02933,0.8585,0.73702,0.63273,0.5432,0.844934084,0.713913606,0.603209939
43,1983,7,01/07/1983,0.559,1,1,1,1,0.994,0.98804,0.98211,0.97622,0.21617,0.04673,0.0101,0.00218,0.9146,0.83649,0.76506,0.69972,0.642297436,0.412545996,0.264977236
44,1983,8,01/08/1983,0.369,0.85,0.7225,0.61413,0.52201,0.775,0.60063,0.46548,0.36075,0.1322,0.01748,0.00231,0.00031,0.8702,0.75725,0.65896,0.57342,0.462809956,0.214193055,0.099130679
45,1983,9,01/09/1983,0.305,0.4,0.16,0.064,0.0256,0.563,0.31697,0.17845,0.10047,0.09142,0.00836,0.00076,0.00007,0.6971,0.48595,0.33875,0.23615,0.400763672,0.160611521,0.064367263
46,1983,10,01/10/1983,0.46,0.35,0.1225,0.04288,0.01501,0.35,0.1225,0.04288,0.01501,0.09058,0.0082,0.00074,0.00007,0.4526,0.20485,0.09271,0.04196,0.436900416,0.190881974,0.083396414
47,1983,11,01/11/1983,0.63,0.2,0.04,0.008,0.0016,0.144,0.02074,0.00299,0.00043,0.23796,0.05662,0.01347,0.00321,0.3825,0.14631,0.05596,0.02141,0.521519423,0.271982509,0.141844161
48,1983,12,01/12/1983,0.777,0.25,0.0625,0.01563,0.00391,0,0,0,0,0.3117,0.09716,0.03028,0.00944,0.3497,0.12229,0.04276,0.01495,0.623926196,0.389283898,0.242884422
49,1984,1,01/01/1984,0.871,0.1,0.01,0.001,0.0001,0.088,0.00774,0.00068,0.00006,0.40143,0.16115,0.06469,0.02597,0.1883,0.03546,0.00668,0.00126,0.735892341,0.541537538,0.398513326
50,1984,2,01/02/1984,0.937,0.1,0.01,0.001,0.0001,0.288,0.08294,0.02389,0.00688,0.81152,0.65856,0.53444,0.43371,0,0,0,0,0.824205514,0.679314729,0.559894946
51,1984,3,01/03/1984,0.959,0,0,0,0,0.494,0.24404,0.12055,0.05955,0.88674,0.78631,0.69725,0.61828,0.2339,0.05471,0.0128,0.00299,0.893300356,0.797985526,0.712840754
52,1984,4,01/04/1984,0.914,0.05,0.0025,0.00013,0.00001,0.706,0.49844,0.3519,0.24844,0.81925,0.67117,0.54986,0.45047,0.2842,0.08077,0.02295,0.00652,0.933032848,0.870550295,0.812252021
53,1984,5,01/05/1984,0.8,0.2,0.04,0.008,0.0016,0.925,0.85563,0.79145,0.73209,0.6431,0.41358,0.26597,0.17105,0.6117,0.37418,0.22888,0.14001,0.914965062,0.837161065,0.765973125
54,1984,6,01/06/1984,0.685,0.65,0.4225,0.27463,0.17851,1.088,1.18374,1.28791,1.40125,0.42729,0.18258,0.07801,0.03333,0.8713,0.75916,0.66146,0.57633,0.821749767,0.67527268,0.554905167
55,1984,7,01/07/1984,0.512,1,1,1,1,0.994,0.98804,0.98211,0.97622,0.26244,0.06887,0.01808,0.00474,0.917,0.84089,0.7711,0.70709,0.61019346,0.372336059,0.227197028
56,1984,8,01/08/1984,0.335,0.85,0.7225,0.61413,0.52201,0.775,0.60063,0.46548,0.36075,0.14917,0.02225,0.00332,0.0005,0.8667,0.75117,0.65104,0.56425,0.440862886,0.194360084,0.085686148
57,1984,9,01/09/1984,0.259,0.4,0.16,0.064,0.0256,0.563,0.31697,0.17845,0.10047,0.06945,0.00482,0.00033,0.00002,0.7789,0.60669,0.47255,0.36807,0.381585176,0.145607247,0.055561567
58,1984,10,01/10/1984,0.399,0.35,0.1225,0.04288,0.01501,0.35,0.1225,0.04288,0.01501,0.12595,0.01586,0.002,0.00025,0.5673,0.32183,0.18257,0.10357,0.410777638,0.168738268,0.069313907
59,1984,11,01/11/1984,0.581,0.2,0.04,0.008,0.0016,0.144,0.02074,0.00299,0.00043,0.34172,0.11677,0.0399,0.01364,0.2503,0.06265,0.01568,0.00393,0.490966693,0.241048294,0.118346684
60,1984,12,01/12/1984,0.752,0.25,0.0625,0.01563,0.00391,0,0,0,0,0.48732,0.23748,0.11573,0.0564,0.193,0.03725,0.00719,0.00139,0.600038898,0.360046679,0.216042013
61,1985,1,01/01/1985,0.891,0.1,0.01,0.001,0.0001,0.088,0.00774,0.00068,0.00006,0.63211,0.39956,0.25257,0.15965,0.3591,0.12895,0.04631,0.01663,0.732718381,0.536876226,0.393379079
62,1985,2,01/02/1985,0.95,0.1,0.01,0.001,0.0001,0.288,0.08294,0.02389,0.00688,0.73198,0.53579,0.39219,0.28708,0.1333,0.01777,0.00237,0.00032,0.826312114,0.68279171,0.564199061
63,1985,3,01/03/1985,0.984,0,0,0,0,0.494,0.24404,0.12055,0.05955,0.8933,0.79798,0.71284,0.63678,0.262,0.06864,0.01798,0.00471,0.904223511,0.817620158,0.73931137
64,1985,4,01/04/1985,0.942,0.05,0.0025,0.00013,0.00001,0.706,0.49844,0.3519,0.24844,0.90554,0.82,0.74255,0.6724,0.2503,0.06265,0.01568,0.00393,0.951987562,0.906280318,0.862767591
65,1985,5,01/05/1985,0.839,0.2,0.04,0.008,0.0016,0.925,0.85563,0.79145,0.73209,0.63837,0.40752,0.26015,0.16607,0.6643,0.44129,0.29315,0.19474,0.9396479,0.882938176,0.829651003
66,1985,6,01/06/1985,0.691,0.65,0.4225,0.27463,0.17851,1.088,1.18374,1.28791,1.40125,0.44087,0.19437,0.08569,0.03778,0.8655,0.74909,0.64834,0.56114,0.836009739,0.698912284,0.584297476
67,1985,7,01/07/1985,0.493,1,1,1,1,0.994,0.98804,0.98211,0.97622,0.25404,0.06454,0.01639,0.00416,0.9088,0.82592,0.75059,0.68214,0.604416127,0.365318855,0.220804607
68,1985,8,01/08/1985,0.306,0.85,0.7225,0.61413,0.52201,0.775,0.60063,0.46548,0.36075,0.14766,0.0218,0.00322,0.00048,0.8772,0.76948,0.67499,0.5921,0.435945533,0.190048508,0.082850798
69,1985,9,01/09/1985,0.25,0.4,0.16,0.064,0.0256,0.563,0.31697,0.17845,0.10047,0.07932,0.00629,0.0005,0.00004,0.7485,0.56025,0.41935,0.31388,0.379364927,0.143917748,0.054597346
70,1985,10,01/10/1985,0.398,0.35,0.1225,0.04288,0.01501,0.35,0.1225,0.04288,0.01501,0.13167,0.01734,0.00228,0.0003,0.4865,0.23668,0.11515,0.05602,0.416019534,0.173072253,0.072001438
71,1985,11,01/11/1985,0.595,0.2,0.04,0.008,0.0016,0.144,0.02074,0.00299,0.00043,0.20094,0.04038,0.00811,0.00163,0.3591,0.12895,0.04631,0.01663,0.498492106,0.24849438,0.123872487
72,1985,12,01/12/1985,0.757,0.25,0.0625,0.01563,0.00391,0,0,0,0,0.28138,0.07917,0.02228,0.00627,0.3357,0.11269,0.03783,0.0127,0.600464202,0.360557258,0.216501726
73,1986,1,01/01/1986,0.904,0.1,0.01,0.001,0.0001,0.088,0.00774,0.00068,0.00006,0.48548,0.23569,0.11442,0.05555,0.1825,0.03331,0.00608,0.00111,0.734095052,0.538895545,0.395600553
74,1986,2,01/02/1986,0.975,0.1,0.01,0.001,0.0001,0.288,0.08294,0.02389,0.00688,0.5452,0.29724,0.16206,0.08835,0.2936,0.0862,0.02531,0.00743,0.835227086,0.697604285,0.582657994
75,1986,3,01/03/1986,0.986,0,0,0,0,0.494,0.24404,0.12055,0.05955,0.88289,0.77949,0.68821,0.60761,0.1661,0.02759,0.00458,0.00076,0.915464178,0.838074661,0.767227331
76,1986,4,01/04/1986,0.918,0.05,0.0025,0.00013,0.00001,0.706,0.49844,0.3519,0.24844,0.79669,0.63471,0.50567,0.40286,0.2842,0.08077,0.02295,0.00652,0.954271079,0.910633292,0.868991014
77,1986,5,01/05/1986,0.784,0.2,0.04,0.008,0.0016,0.925,0.85563,0.79145,0.73209,0.61639,0.37994,0.23419,0.14435,0.6433,0.41383,0.26622,0.17126,0.937460457,0.878832108,0.82387035
78,1986,6,01/06/1986,0.672,0.65,0.4225,0.27463,0.17851,1.088,1.18374,1.28791,1.40125,0.40965,0.16781,0.06874,0.02816,0.869,0.75516,0.65623,0.57027,0.848630593,0.720173883,0.61116159
79,1986,7,01/07/1986,0.526,1,1,1,1,0.994,0.98804,0.98211,0.97622,0.21912,0.04801,0.01052,0.00231,0.9298,0.86453,0.80384,0.74741,0.645415157,0.416560725,0.268854606
80,1986,8,01/08/1986,0.352,0.85,0.7225,0.61413,0.52201,0.775,0.60063,0.46548,0.36075,0.11443,0.01309,0.0015,0.00017,0.8655,0.74909,0.64834,0.56114,0.481140188,0.231495881,0.111381971
81,1986,9,01/09/1986,0.307,0.4,0.16,0.064,0.0256,0.563,0.31697,0.17845,0.10047,0.09477,0.00898,0.00085,0.00008,0.7836,0.61403,0.48115,0.37703,0.43116409,0.185902473,0.08015447
82,1986,10,01/10/1986,0.472,0.35,0.1225,0.04288,0.01501,0.35,0.1225,0.04288,0.01501,0.09192,0.00845,0.00078,0.00007,0.4877,0.23785,0.116,0.05657,0.470156109,0.221046767,0.103926488
83,1986,11,01/11/1986,0.629,0.2,0.04,0.008,0.0016,0.144,0.02074,0.00299,0.00043,0.24176,0.05845,0.01413,0.00342,0.2959,0.08756,0.02591,0.00767,0.553515609,0.306379529,0.169585852
84,1986,12,01/12/1986,0.771,0.25,0.0625,0.01563,0.00391,0,0,0,0,0.33435,0.11179,0.03738,0.0125,0.2901,0.08416,0.02441,0.00708,0.65162248,0.424611856,0.276686631
85,1987,1,01/01/1987,0.911,0.1,0.01,0.001,0.0001,0.088,0.00774,0.00068,0.00006,0.75194,0.56541,0.42516,0.31969,0.2316,0.05364,0.01242,0.00288,0.781306092,0.610439209,0.476939873
86,1987,2,01/02/1987,0.997,0.1,0.01,0.001,0.0001,0.288,0.08294,0.02389,0.00688,1,1,1,1,0.1474,0.02173,0.0032,0.00047,0.881418803,0.776899106,0.68477348
87,1987,3,01/03/1987,0.978,0,0,0,0,0.494,0.24404,0.12055,0.05955,0.77285,0.5973,0.46162,0.35676,0.2292,0.05253,0.01204,0.00276,0.946298101,0.895480096,0.847391114
88,1987,4,01/04/1987,0.93,0.05,0.0025,0.00013,0.00001,0.706,0.49844,0.3519,0.24844,0.7142,0.51008,0.3643,0.26018,0.3216,0.10343,0.03326,0.0107,0.984428968,0.969100393,0.9540105
89,1987,5,01/05/1987,0.812,0.2,0.04,0.008,0.0016,0.925,0.85563,0.79145,0.73209,0.61344,0.37631,0.23084,0.14161,0.669,0.44756,0.29942,0.20031,0.974227541,0.949119302,0.924658163
90,1987,6,01/06/1987,0.712,0.65,0.4225,0.27463,0.17851,1.088,1.18374,1.28791,1.40125,0.49942,0.24942,0.12457,0.06221,0.869,0.75516,0.65623,0.57027,0.88240532,0.778639149,0.687075327
91,1987,7,01/07/1987,0.54,1,1,1,1,0.994,0.98804,0.98211,0.97622,0.28057,0.07872,0.02209,0.0062,0.9404,0.88435,0.83164,0.78208,0.658059444,0.433042232,0.28496753
92,1987,8,01/08/1987,0.324,0.85,0.7225,0.61413,0.52201,0.775,0.60063,0.46548,0.36075,0.17477,0.03054,0.00534,0.00093,0.8994,0.80892,0.72754,0.65435,0.46159497,0.213069916,0.098352002
93,1987,9,01/09/1987,0.296,0.4,0.16,0.064,0.0256,0.563,0.31697,0.17845,0.10047,0.13417,0.018,0.00242,0.00032,0.738,0.54464,0.40195,0.29664,0.405248691,0.164226502,0.066552575
94,1987,10,01/10/1987,0.438,0.35,0.1225,0.04288,0.01501,0.35,0.1225,0.04288,0.01501,0.20076,0.0403,0.00809,0.00162,0.607,0.36845,0.22365,0.13575,0.446895635,0.199715709,0.089252078
95,1987,11,01/11/1987,0.611,0.2,0.04,0.008,0.0016,0.144,0.02074,0.00299,0.00043,0.36297,0.13175,0.04782,0.01736,0.3404,0.11587,0.03944,0.01343,0.53150527,0.282497852,0.150149097
96,1987,12,01/12/1987,0.727,0.25,0.0625,0.01563,0.00391,0,0,0,0,0.53131,0.28229,0.14998,0.07969,0.2526,0.06381,0.01612,0.00407,0.636038561,0.404545051,0.257306252
97,1988,1,01/01/1988,0.843,0.1,0.01,0.001,0.0001,0.088,0.00774,0.00068,0.00006,0.5213,0.27175,0.14167,0.07385,0.262,0.06864,0.01798,0.00471,0.761867493,0.580442077,0.44221995
98,1988,2,01/02/1988,0.959,0.1,0.01,0.001,0.0001,0.288,0.08294,0.02389,0.00688,0.60138,0.36166,0.21749,0.1308,0.2164,0.04683,0.01013,0.00219,0.857021844,0.734486441,0.629470924
99,1988,3,01/03/1988,0.99,0,0,0,0,0.494,0.24404,0.12055,0.05955,0.82278,0.67697,0.55699,0.45828,0.2503,0.06265,0.01568,0.00393,0.933051594,0.870585277,0.81230098
100,1988,4,01/04/1988,0.923,0.05,0.0025,0.00013,0.00001,0.706,0.49844,0.3519,0.24844,0.8879,0.78837,0.69999,0.62152,0.4374,0.19132,0.08368,0.0366,0.96339343,0.928126901,0.894151359
101,1988,5,01/05/1988,0.798,0.2,0.04,0.008,0.0016,0.925,0.85563,0.79145,0.73209,0.64073,0.41053,0.26304,0.16854,0.6971,0.48595,0.33875,0.23615,0.928898147,0.862851768,0.801501408
102,1988,6,01/06/1988,0.669,0.65,0.4225,0.27463,0.17851,1.088,1.18374,1.28791,1.40125,0.41889,0.17547,0.0735,0.03079,0.8725,0.76126,0.6642,0.57951,0.826715157,0.683457951,0.565025047
103,1988,7,01/07/1988,0.498,1,1,1,1,0.994,0.98804,0.98211,0.97622,0.23283,0.05421,0.01262,0.00294,0.9345,0.87329,0.81609,0.76264,0.61554549,0.37889625,0.233227878
104,1988,8,01/08/1988,0.345,0.85,0.7225,0.61413,0.52201,0.775,0.60063,0.46548,0.36075,0.13234,0.01751,0.00232,0.00031,0.8854,0.78393,0.69409,0.61455,0.447226037,0.200011128,0.089450184
105,1988,9,01/09/1988,0.304,0.4,0.16,0.064,0.0256,0.563,0.31697,0.17845,0.10047,0.08682,0.00754,0.00065,0.00006,0.7474,0.55861,0.4175,0.31204,0.393485474,0.154830818,0.060923678
106,1988,10,01/10/1988,0.444,0.35,0.1225,0.04288,0.01501,0.35,0.1225,0.04288,0.01501,0.11822,0.01398,0.00165,0.0002,0.4035,0.16281,0.06569,0.02651,0.429961992,0.184867315,0.079485919
107,1988,11,01/11/1988,0.62,0.2,0.04,0.008,0.0016,0.144,0.02074,0.00299,0.00043,0.19299,0.03725,0.00719,0.00139,0.2117,0.04482,0.00949,0.00201,0.519820552,0.270213406,0.140462482
108,1988,12,01/12/1988,0.804,0.25,0.0625,0.01563,0.00391,0,0,0,0,0.19075,0.03639,0.00694,0.00132,0.2807,0.07879,0.02212,0.00621,0.629075533,0.395736026,0.248947852
109,1989,1,01/01/1989,0.909,0.1,0.01,0.001,0.0001,0.088,0.00774,0.00068,0.00006,0.50464,0.25466,0.12851,0.06485,0.048,0.0023,0.00011,0.00001,0.758110059,0.574730862,0.435709247
110,1989,2,01/02/1989,0.953,0.1,0.01,0.001,0.0001,0.288,0.08294,0.02389,0.00688,0.99308,0.98621,0.97938,0.97261,0.4632,0.21455,0.09938,0.04603,0.846335359,0.71628354,0.606216087
111,1989,3,01/03/1989,0.946,0,0,0,0,0.494,0.24404,0.12055,0.05955,0.91697,0.84083,0.77102,0.707,0.262,0.06864,0.01798,0.00471,0.902287969,0.814123579,0.734573911
112,1989,4,01/04/1989,0.859,0.05,0.0025,0.00013,0.00001,0.706,0.49844,0.3519,0.24844,0.77946,0.60756,0.47357,0.36913,0.5064,0.25644,0.12986,0.06576,0.925213355,0.856019752,0.792000907
113,1989,5,01/05/1989,0.756,0.2,0.04,0.008,0.0016,0.925,0.85563,0.79145,0.73209,0.59848,0.35818,0.21436,0.12829,0.6491,0.42133,0.27349,0.17752,0.908087563,0.824623022,0.748829911
114,1989,6,01/06/1989,0.692,0.65,0.4225,0.27463,0.17851,1.088,1.18374,1.28791,1.40125,0.41402,0.17141,0.07097,0.02938,0.883,0.77969,0.68847,0.60791,0.822641381,0.676738842,0.556713375
115,1989,7,01/07/1989,0.524,1,1,1,1,0.994,0.98804,0.98211,0.97622,0.24332,0.0592,0.01441,0.00351,0.9708,0.94245,0.91493,0.88822,0.614774554,0.377947752,0.232352661
116,1989,8,01/08/1989,0.344,0.85,0.7225,0.61413,0.52201,0.775,0.60063,0.46548,0.36075,0.12425,0.01544,0.00192,0.00024,0.9591,0.91987,0.88225,0.84617,0.442968314,0.196220927,0.086919653
117,1989,9,01/09/1989,0.275,0.4,0.16,0.064,0.0256,0.563,0.31697,0.17845,0.10047,0.07633,0.00583,0.00044,0.00003,0.8012,0.64192,0.51431,0.41206,0.386226022,0.14917054,0.057613544
118,1989,10,01/10/1989,0.42,0.35,0.1225,0.04288,0.01501,0.35,0.1225,0.04288,0.01501,0.12014,0.01443,0.00173,0.00021,0.5684,0.32308,0.18364,0.10438,0.418931047,0.175503222,0.073523749
119,1989,11,01/11/1989,0.603,0.2,0.04,0.008,0.0016,0.144,0.02074,0.00299,0.00043,0.23269,0.05414,0.0126,0.00293,0.2047,0.0419,0.00858,0.00176,0.510182681,0.260286368,0.132793597
120,1989,12,01/12/1989,0.784,0.25,0.0625,0.01563,0.00391,0,0,0,0,0.23939,0.05731,0.01372,0.00328,0.2795,0.07812,0.02183,0.0061,0.618257825,0.382242738,0.236324564
121,1990,1,01/01/1990,0.895,0.1,0.01,0.001,0.0001,0.088,0.00774,0.00068,0.00006,0.43484,0.18909,0.08222,0.03575,0.0807,0.00651,0.00053,0.00004,0.744207436,0.553844708,0.41217535
122,1990,2,01/02/1990,0.959,0.1,0.01,0.001,0.0001,0.288,0.08294,0.02389,0.00688,0.69611,0.48457,0.33731,0.23481,0.0234,0.00055,0.00001,0,0.839159094,0.704187985,0.590925752
123,1990,3,01/03/1990,0.982,0,0,0,0,0.494,0.24404,0.12055,0.05955,0.531,0.28196,0.14972,0.0795,0.2865,0.08208,0.02352,0.00674,0.901173744,0.812114117,0.731855919
124,1990,4,01/04/1990,0.885,0.05,0.0025,0.00013,0.00001,0.706,0.49844,0.3519,0.24844,0.52233,0.27283,0.14251,0.07444,0.5041,0.25412,0.1281,0.06458,0.917882433,0.842508161,0.77332344
125,1990,5,01/05/1990,0.772,0.2,0.04,0.008,0.0016,0.925,0.85563,0.79145,0.73209,0.49348,0.24352,0.12017,0.0593,0.7439,0.55339,0.41166,0.30624,0.883069637,0.779811984,0.688628285
126,1990,6,01/06/1990,0.645,0.65,0.4225,0.27463,0.17851,1.088,1.18374,1.28791,1.40125,0.3724,0.13868,0.05165,0.01923,0.8819,0.77775,0.6859,0.60489,0.765738575,0.586355565,0.448995075
127,1990,7,01/07/1990,0.454,1,1,1,1,0.994,0.98804,0.98211,0.97622,0.24806,0.06153,0.01526,0.00379,0.9626,0.9266,0.89194,0.85859,0.559833065,0.313413061,0.175458994
128,1990,8,01/08/1990,0.258,0.85,0.7225,0.61413,0.52201,0.775,0.60063,0.46548,0.36075,0.13484,0.01818,0.00245,0.00033,0.9076,0.82374,0.74762,0.67854,0.395620193,0.156515337,0.061920628
129,1990,9,01/09/1990,0.205,0.4,0.16,0.064,0.0256,0.563,0.31697,0.17845,0.10047,0.05931,0.00352,0.00021,0.00001,0.7427,0.5516,0.40968,0.30427,0.352061141,0.123947047,0.043636939
130,1990,10,01/10/1990,0.392,0.35,0.1225,0.04288,0.01501,0.35,0.1225,0.04288,0.01501,0.08669,0.00752,0.00065,0.00006,0.5298,0.28069,0.14871,0.07879,0.392827015,0.154313064,0.06061834
131,1990,11,01/11/1990,0.6,0.2,0.04,0.008,0.0016,0.144,0.02074,0.00299,0.00043,0.19897,0.03959,0.00788,0.00157,0.2561,0.06559,0.0168,0.0043,0.494800283,0.24482732,0.121140627
132,1990,12,01/12/1990,0.762,0.25,0.0625,0.01563,0.00391,0,0,0,0,0.31331,0.09816,0.03076,0.00964,0.1532,0.02347,0.0036,0.00055,0.608153644,0.369850855,0.224926145
133,1991,1,01/01/1991,0.862,0.1,0.01,0.001,0.0001,0.088,0.00774,0.00068,0.00006,0.63327,0.40103,0.25396,0.16083,0.2316,0.05364,0.01242,0.00288,0.734377416,0.539310189,0.396057223
134,1991,2,01/02/1991,0.933,0.1,0.01,0.001,0.0001,0.288,0.08294,0.02389,0.00688,0.75596,0.57148,0.43201,0.32658,0.1497,0.02241,0.00335,0.0005,0.833908997,0.695404215,0.579903832
135,1991,3,01/03/1991,0.946,0,0,0,0,0.494,0.24404,0.12055,0.05955,0.73662,0.54261,0.3997,0.29442,0.2058,0.04235,0.00872,0.00179,0.91144547,0.830732845,0.757167688
136,1991,4,01/04/1991,0.902,0.05,0.0025,0.00013,0.00001,0.706,0.49844,0.3519,0.24844,0.75766,0.57405,0.43493,0.32953,0.4433,0.19651,0.08712,0.03862,0.947399439,0.897565697,0.850353238
137,1991,5,01/05/1991,0.791,0.2,0.04,0.008,0.0016,0.925,0.85563,0.79145,0.73209,0.62559,0.39136,0.24483,0.15316,0.7532,0.56731,0.4273,0.32184,0.921644554,0.849428684,0.782871321
138,1991,6,01/06/1991,0.682,0.65,0.4225,0.27463,0.17851,1.088,1.18374,1.28791,1.40125,0.4105,0.16851,0.06917,0.0284,0.8959,0.80264,0.71908,0.64423,0.811613951,0.658717205,0.534624074
139,1991,7,01/07/1991,0.474,1,1,1,1,0.994,0.98804,0.98211,0.97622,0.28048,0.07867,0.02207,0.00619,0.9041,0.8174,0.73901,0.66814,0.577841098,0.333900335,0.192941336
140,1991,8,01/08/1991,0.308,0.85,0.7225,0.61413,0.52201,0.775,0.60063,0.46548,0.36075,0.13895,0.01931,0.00268,0.00037,0.8386,0.70325,0.58975,0.49456,0.401081185,0.160866117,0.064520373
141,1991,9,01/09/1991,0.232,0.4,0.16,0.064,0.0256,0.563,0.31697,0.17845,0.10047,0.07195,0.00518,0.00037,0.00003,0.7649,0.58507,0.44752,0.34231,0.344383415,0.118599937,0.040843851
142,1991,10,01/10/1991,0.397,0.35,0.1225,0.04288,0.01501,0.35,0.1225,0.04288,0.01501,0.06315,0.00399,0.00025,0.00002,0.5439,0.29583,0.1609,0.08751,0.386077225,0.149055624,0.057546982
143,1991,11,01/11/1991,0.584,0.2,0.04,0.008,0.0016,0.144,0.02074,0.00299,0.00043,0.13001,0.0169,0.0022,0.00029,0.2538,0.06441,0.01635,0.00415,0.476577841,0.227126439,0.108243428
144,1991,12,01/12/1991,0.749,0.25,0.0625,0.01563,0.00391,0,0,0,0,0.21894,0.04793,0.01049,0.0023,0.1556,0.02421,0.00377,0.00059,0.585736748,0.343087538,0.200958979
145,1992,1,01/01/1992,0.884,0.1,0.01,0.001,0.0001,0.088,0.00774,0.00068,0.00006,0.44176,0.19515,0.08621,0.03808,0.2409,0.05803,0.01398,0.00337,0.716520525,0.513401663,0.367862829
146,1992,2,01/02/1992,0.95,0.1,0.01,0.001,0.0001,0.288,0.08294,0.02389,0.00688,0.48544,0.23565,0.11439,0.05553,0.1251,0.01565,0.00196,0.00024,0.813550664,0.661864683,0.538460452
147,1992,3,01/03/1992,0.951,0,0,0,0,0.494,0.24404,0.12055,0.05955,0.64435,0.41519,0.26753,0.17238,0.276,0.07618,0.02102,0.0058,0.876454585,0.76817264,0.673268432
148,1992,4,01/04/1992,0.887,0.05,0.0025,0.00013,0.00001,0.706,0.49844,0.3519,0.24844,0.65583,0.43011,0.28208,0.185,0.4082,0.16663,0.06802,0.02776,0.908862014,0.82603016,0.750747435
149,1992,5,01/05/1992,0.771,0.2,0.04,0.008,0.0016,0.925,0.85563,0.79145,0.73209,0.54475,0.29675,0.16166,0.08806,0.6164,0.37995,0.2342,0.14436,0.89531674,0.801592065,0.717678794
150,1992,6,01/06/1992,0.685,0.65,0.4225,0.27463,0.17851,1.088,1.18374,1.28791,1.40125,0.3531,0.12468,0.04402,0.01555,0.8889,0.79014,0.70236,0.62433,0.812980078,0.660936607,0.537328294
151,1992,7,01/07/1992,0.539,1,1,1,1,0.994,0.98804,0.98211,0.97622,0.18941,0.03588,0.0068,0.00129,0.9439,0.89095,0.84097,0.79379,0.608942154,0.370810547,0.225802173
152,1992,8,01/08/1992,0.348,0.85,0.7225,0.61413,0.52201,0.775,0.60063,0.46548,0.36075,0.11697,0.01368,0.0016,0.00019,0.8889,0.79014,0.70236,0.62433,0.432035786,0.18665492,0.080641605
153,1992,9,01/09/1992,0.312,0.4,0.16,0.064,0.0256,0.563,0.31697,0.17845,0.10047,0.08772,0.00769,0.00067,0.00006,0.6608,0.43666,0.28854,0.19067,0.395310882,0.156270693,0.061775506
154,1992,10,01/10/1992,0.459,0.35,0.1225,0.04288,0.01501,0.35,0.1225,0.04288,0.01501,0.08044,0.00647,0.00052,0.00004,0.4889,0.23902,0.11686,0.05713,0.441636165,0.195042502,0.086137823
155,1992,11,01/11/1992,0.624,0.2,0.04,0.008,0.0016,0.144,0.02074,0.00299,0.00043,0.18638,0.03474,0.00647,0.00121,0.338,0.11424,0.03861,0.01305,0.528055976,0.278843114,0.147244773
156,1992,12,01/12/1992,0.786,0.25,0.0625,0.01563,0.00391,0,0,0,0,0.21192,0.04491,0.00952,0.00202,0.2187,0.04783,0.01046,0.00229,0.636937205,0.405689003,0.25839842
157,1993,1,01/01/1993,0.905,0.1,0.01,0.001,0.0001,0.088,0.00774,0.00068,0.00006,0.2962,0.08773,0.02599,0.0077,0.2409,0.05803,0.01398,0.00337,0.755831228,0.571280845,0.431791903
158,1993,2,01/02/1993,0.968,0.1,0.01,0.001,0.0001,0.288,0.08294,0.02389,0.00688,0.39848,0.15879,0.06327,0.02521,0.2632,0.06927,0.01823,0.0048,0.842109271,0.709148024,0.597180126
159,1993,3,01/03/1993,0.978,0,0,0,0,0.494,0.24404,0.12055,0.05955,0.50179,0.25179,0.12635,0.0634,0.2807,0.07879,0.02212,0.00621,0.903984497,0.817187971,0.738725257
160,1993,4,01/04/1993,0.919,0.05,0.0025,0.00013,0.00001,0.706,0.49844,0.3519,0.24844,0.44618,0.19908,0.08882,0.03963,0.4807,0.23107,0.11108,0.05339,0.936409501,0.876862754,0.821102614
161,1993,5,01/05/1993,0.783,0.2,0.04,0.008,0.0016,0.925,0.85563,0.79145,0.73209,0.42032,0.17667,0.07426,0.03121,0.6936,0.48108,0.33368,0.23144,0.90665231,0.822018411,0.745284891
162,1993,6,01/06/1993,0.663,0.65,0.4225,0.27463,0.17851,1.088,1.18374,1.28791,1.40125,0.37347,0.13948,0.05209,0.01945,0.8959,0.80264,0.71908,0.64423,0.777283868,0.604170211,0.469611759
163,1993,7,01/07/1993,0.472,1,1,1,1,0.994,0.98804,0.98211,0.97622,0.2205,0.04862,0.01072,0.00236,0.986,0.9722,0.95859,0.94517,0.525402222,0.276047495,0.145035967
164,1993,8,01/08/1993,0.3,0.85,0.7225,0.61413,0.52201,0.775,0.60063,0.46548,0.36075,0.05319,0.00283,0.00015,0.00001,0.8784,0.77159,0.67776,0.59535,0.346729029,0.12022102,0.041684117
165,1993,9,01/09/1993,0.226,0.4,0.16,0.064,0.0256,0.563,0.31697,0.17845,0.10047,0,0,0,0,0.752,0.5655,0.42526,0.31979,0.302780993,0.09167633,0.02775785
166,1993,10,01/10/1993,0.417,0.35,0.1225,0.04288,0.01501,0.35,0.1225,0.04288,0.01501,0.07749,0.006,0.00047,0.00004,0.6281,0.39451,0.24779,0.15564,0.348863748,0.121705915,0.042458782
167,1993,11,01/11/1993,0.619,0.2,0.04,0.008,0.0016,0.144,0.02074,0.00299,0.00043,0.25444,0.06474,0.01647,0.00419,0.3813,0.14539,0.05544,0.02114,0.450575742,0.203018499,0.091475211
168,1993,12,01/12/1993,0.779,0.25,0.0625,0.01563,0.00391,0,0,0,0,0.49142,0.24149,0.11867,0.05832,0.3146,0.09897,0.03114,0.0098,0.566866391,0.321337505,0.182155432
169,1994,1,01/01/1994,0.891,0.1,0.01,0.001,0.0001,0.088,0.00774,0.00068,0.00006,0.32314,0.10442,0.03374,0.0109,0.255,0.06503,0.01658,0.00423,0.705005694,0.497033029,0.350411115
170,1994,2,01/02/1994,0.958,0.1,0.01,0.001,0.0001,0.288,0.08294,0.02389,0.00688,0.38816,0.15067,0.05848,0.0227,0.2421,0.05861,0.01419,0.00344,0.805505045,0.648838378,0.522642586
171,1994,3,01/03/1994,0.957,0,0,0,0,0.494,0.24404,0.12055,0.05955,0.59107,0.34936,0.2065,0.12206,0.193,0.03725,0.00719,0.00139,0.877910928,0.770727598,0.67663018
172,1994,4,01/04/1994,0.904,0.05,0.0025,0.00013,0.00001,0.706,0.49844,0.3519,0.24844,0.73926,0.54651,0.40401,0.29867,0.4129,0.17049,0.07039,0.02907,0.912031287,0.831801068,0.758628599
173,1994,5,01/05/1994,0.803,0.2,0.04,0.008,0.0016,0.925,0.85563,0.79145,0.73209,0.45096,0.20336,0.09171,0.04136,0.6889,0.47458,0.32694,0.22523,0.897259311,0.805074271,0.722360386
174,1994,6,01/06/1994,0.675,0.65,0.4225,0.27463,0.17851,1.088,1.18374,1.28791,1.40125,0.39379,0.15507,0.06107,0.02405,0.8561,0.73291,0.62744,0.53715,0.803021178,0.644843012,0.517822595
175,1994,7,01/07/1994,0.508,1,1,1,1,0.994,0.98804,0.98211,0.97622,0.25159,0.0633,0.01593,0.00401,0.9532,0.90859,0.86607,0.82554,0.578382394,0.334526194,0.193484061
176,1994,8,01/08/1994,0.325,0.85,0.7225,0.61413,0.52201,0.775,0.60063,0.46548,0.36075,0.08021,0.00643,0.00052,0.00004,0.9251,0.85581,0.79171,0.73241,0.397017954,0.157623256,0.062579263
177,1994,9,01/09/1994,0.285,0.4,0.16,0.064,0.0256,0.563,0.31697,0.17845,0.10047,0.01621,0.00026,0,0,0.738,0.54464,0.40195,0.29664,0.35237631,0.124169064,0.043754237
178,1994,10,01/10/1994,0.427,0.35,0.1225,0.04288,0.01501,0.35,0.1225,0.04288,0.01501,0.0745,0.00555,0.00041,0.00003,0.4889,0.23902,0.11686,0.05713,0.393376512,0.15474508,0.06087308
179,1994,11,01/11/1994,0.603,0.2,0.04,0.008,0.0016,0.144,0.02074,0.00299,0.00043,0.24645,0.06074,0.01497,0.00369,0.2491,0.06205,0.01546,0.00385,0.484400849,0.234644183,0.113661841
180,1994,12,01/12/1994,0.775,0.25,0.0625,0.01563,0.00391,0,0,0,0,0.45029,0.20276,0.0913,0.04111,0.2,0.04,0.008,0.0016,0.597392174,0.35687741,0.213195772
181,1995,1,01/01/1995,0.88,0.1,0.01,0.001,0.0001,0.088,0.00774,0.00068,0.00006,0.35007,0.12255,0.0429,0.01502,0.2468,0.06091,0.01503,0.00371,0.717198901,0.514374264,0.368908657
182,1995,2,01/02/1995,0.931,0.1,0.01,0.001,0.0001,0.288,0.08294,0.02389,0.00688,0.37789,0.1428,0.05396,0.02039,0.2105,0.04431,0.00933,0.00196,0.796592416,0.634559477,0.505485267
183,1995,3,01/03/1995,0.934,0,0,0,0,0.494,0.24404,0.12055,0.05955,0.49982,0.24982,0.12487,0.06241,0.1836,0.03371,0.00619,0.00114,0.850795775,0.723853451,0.615851458
184,1995,4,01/04/1995,0.869,0.05,0.0025,0.00013,0.00001,0.706,0.49844,0.3519,0.24844,0.64623,0.41761,0.26987,0.1744,0.5018,0.2518,0.12635,0.0634,0.866379694,0.750613774,0.650316532
185,1995,5,01/05/1995,0.751,0.2,0.04,0.008,0.0016,0.925,0.85563,0.79145,0.73209,0.4816,0.23194,0.1117,0.0538,0.752,0.5655,0.42526,0.31979,0.826957685,0.683859013,0.565522466
186,1995,6,01/06/1995,0.629,0.65,0.4225,0.27463,0.17851,1.088,1.18374,1.28791,1.40125,0.38526,0.14843,0.05718,0.02203,0.8854,0.78393,0.69409,0.61455,0.706968183,0.499804012,0.353345534
187,1995,7,01/07/1995,0.433,1,1,1,1,0.994,0.98804,0.98211,0.97622,0.23993,0.05757,0.01381,0.00331,0.9509,0.90421,0.85981,0.8176,0.478134944,0.228613025,0.109307876
188,1995,8,01/08/1995,0.253,0.85,0.7225,0.61413,0.52201,0.775,0.60063,0.46548,0.36075,0.10724,0.0115,0.00123,0.00013,0.8725,0.76126,0.6642,0.57951,0.310281802,0.096274797,0.029872317
189,1995,9,01/09/1995,0.2,0.4,0.16,0.064,0.0256,0.563,0.31697,0.17845,0.10047,0.03247,0.00105,0.00003,0,0.8175,0.66831,0.54634,0.44663,0.262006917,0.068647625,0.017986152
190,1995,10,01/10/1995,0.34,0.35,0.1225,0.04288,0.01501,0.35,0.1225,0.04288,0.01501,0.0745,0.00555,0.00041,0.00003,0.5766,0.33247,0.1917,0.11053,0.28579697,0.081679908,0.02334387
191,1995,11,01/11/1995,0.574,0.2,0.04,0.008,0.0016,0.144,0.02074,0.00299,0.00043,0.22483,0.05055,0.01136,0.00256,0.3637,0.13228,0.04811,0.0175,0.375570001,0.141052826,0.05297521
192,1995,12,01/12/1995,0.747,0.25,0.0625,0.01563,0.00391,0,0,0,0,0.40911,0.16737,0.06847,0.02801,0.2351,0.05527,0.01299,0.00305,0.48928774,0.239402493,0.117136705
193,1996,1,01/01/1996,0.847,0.1,0.01,0.001,0.0001,0.088,0.00774,0.00068,0.00006,0.37695,0.14209,0.05356,0.02019,0.2246,0.05045,0.01133,0.00254,0.627490311,0.39374409,0.247070602
194,1996,2,01/02/1996,0.925,0.1,0.01,0.001,0.0001,0.288,0.08294,0.02389,0.00688,0.36757,0.13511,0.04966,0.01825,0.1778,0.03161,0.00562,0.001,0.72790296,0.529842719,0.385674084
195,1996,3,01/03/1996,0.923,0,0,0,0,0.494,0.24404,0.12055,0.05955,0.40862,0.16697,0.06823,0.02788,0.3076,0.09462,0.0291,0.00895,0.796223351,0.633971625,0.504783011
196,1996,4,01/04/1996,0.851,0.05,0.0025,0.00013,0.00001,0.706,0.49844,0.3519,0.24844,0.55315,0.30597,0.16925,0.09362,0.3708,0.13749,0.05098,0.0189,0.831651256,0.691643812,0.575206445
197,1996,5,01/05/1996,0.76,0.2,0.04,0.008,0.0016,0.925,0.85563,0.79145,0.73209,0.51219,0.26234,0.13437,0.06882,0.7123,0.50737,0.3614,0.25743,0.824943644,0.680532016,0.561400561
198,1996,6,01/06/1996,0.68,0.65,0.4225,0.27463,0.17851,1.088,1.18374,1.28791,1.40125,0.37673,0.14193,0.05347,0.02014,0.8947,0.80049,0.7162,0.64078,0.743126016,0.552236276,0.410381143
199,1996,7,01/07/1996,0.526,1,1,1,1,0.994,0.98804,0.98211,0.97622,0.22832,0.05213,0.0119,0.00272,0.9439,0.89095,0.84097,0.79379,0.551434784,0.304080321,0.167680466
200,1996,8,01/08/1996,0.368,0.85,0.7225,0.61413,0.52201,0.775,0.60063,0.46548,0.36075,0.13426,0.01803,0.00242,0.00032,0.8316,0.69156,0.5751,0.47825,0.396111109,0.156904011,0.062151422
201,1996,9,01/09/1996,0.32,0.4,0.16,0.064,0.0256,0.563,0.31697,0.17845,0.10047,0.04868,0.00237,0.00012,0.00001,0.7053,0.49745,0.35085,0.24745,0.355427248,0.126328529,0.044900601
202,1996,10,01/10/1996,0.446,0.35,0.1225,0.04288,0.01501,0.35,0.1225,0.04288,0.01501,0.12863,0.01655,0.00213,0.00027,0.3801,0.14448,0.05492,0.02087,0.400907783,0.16072705,0.064436725
203,1996,11,01/11/1996,0.546,0.2,0.04,0.008,0.0016,0.144,0.02074,0.00299,0.00043,0.20322,0.0413,0.00839,0.00171,0.3825,0.14631,0.05596,0.02141,0.469754238,0.220669044,0.103660219
204,1996,12,01/12/1996,0.742,0.25,0.0625,0.01563,0.00391,0,0,0,0,0.36798,0.13541,0.04983,0.01834,0.2632,0.06927,0.01823,0.0048,0.559505008,0.313045854,0.175150723
205,1997,1,01/01/1997,0.867,0.1,0.01,0.001,0.0001,0.088,0.00774,0.00068,0.00006,0.40389,0.16313,0.06589,0.02661,0.1731,0.02996,0.00519,0.0009,0.692462168,0.479503854,0.332038278
206,1997,2,01/02/1997,0.948,0.1,0.01,0.001,0.0001,0.288,0.08294,0.02389,0.00688,0.35726,0.12763,0.0456,0.01629,0.2456,0.06032,0.01481,0.00364,0.792820923,0.628565016,0.498339496
207,1997,3,01/03/1997,0.95,0,0,0,0,0.494,0.24404,0.12055,0.05955,0.31737,0.10072,0.03197,0.01015,0.1953,0.03814,0.00745,0.00145,0.864021193,0.746532622,0.645020007
208,1997,4,01/04/1997,0.878,0.05,0.0025,0.00013,0.00001,0.706,0.49844,0.3519,0.24844,0.46012,0.21171,0.09741,0.04482,0.4433,0.19651,0.08712,0.03862,0.899183136,0.808530312,0.727016822
209,1997,5,01/05/1997,0.768,0.2,0.04,0.008,0.0016,0.925,0.85563,0.79145,0.73209,0.54283,0.29466,0.15995,0.08683,0.6912,0.47776,0.33023,0.22825,0.877207946,0.769493781,0.675006059
210,1997,6,01/06/1997,0.653,0.65,0.4225,0.27463,0.17851,1.088,1.18374,1.28791,1.40125,0.3682,0.13557,0.04992,0.01838,0.8959,0.80264,0.71908,0.64423,0.77369515,0.598604185,0.463137155
211,1997,7,01/07/1997,0.466,1,1,1,1,0.994,0.98804,0.98211,0.97622,0.21666,0.04694,0.01017,0.0022,0.938,0.87984,0.82529,0.77413,0.550656819,0.303222932,0.166971775
212,1997,8,01/08/1997,0.297,0.85,0.7225,0.61413,0.52201,0.775,0.60063,0.46548,0.36075,0.11331,0.01284,0.00145,0.00016,0.9287,0.86248,0.80099,0.74388,0.378513148,0.143272203,0.054230413
213,1997,9,01/09/1997,0.249,0.4,0.16,0.064,0.0256,0.563,0.31697,0.17845,0.10047,0.0665,0.00442,0.00029,0.00002,0.8222,0.67601,0.55582,0.45699,0.331591502,0.109952924,0.036459455
214,1997,10,01/10/1997,0.381,0.35,0.1225,0.04288,0.01501,0.35,0.1225,0.04288,0.01501,0.06771,0.00458,0.00031,0.00002,0.5064,0.25644,0.12986,0.06576,0.359527972,0.129260363,0.046472716
215,1997,11,01/11/1997,0.568,0.2,0.04,0.008,0.0016,0.144,0.02074,0.00299,0.00043,0.1816,0.03298,0.00599,0.00109,0.4468,0.19963,0.08919,0.03985,0.438466892,0.192253215,0.08429667
216,1997,12,01/12/1997,0.76,0.25,0.0625,0.01563,0.00391,0,0,0,0,0.44667,0.19951,0.08912,0.03981,0.2351,0.05527,0.01299,0.00305,0.550343992,0.30287851,0.166687368
217,1998,1,01/01/1998,0.891,0.1,0.01,0.001,0.0001,0.088,0.00774,0.00068,0.00006,0.46556,0.21675,0.10091,0.04698,0.1766,0.03119,0.00551,0.00097,0.691620934,0.478339516,0.330829623
218,1998,2,01/02/1998,0.973,0.1,0.01,0.001,0.0001,0.288,0.08294,0.02389,0.00688,0.69982,0.48975,0.34274,0.23985,0.2211,0.04889,0.01081,0.00239,0.794218683,0.630783316,0.500979895
219,1998,3,01/03/1998,0.961,0,0,0,0,0.494,0.24404,0.12055,0.05955,0.78624,0.61817,0.48603,0.38214,0.3778,0.14273,0.05392,0.02037,0.863311182,0.745306197,0.643431174
220,1998,4,01/04/1998,0.904,0.05,0.0025,0.00013,0.00001,0.706,0.49844,0.3519,0.24844,0.7628,0.58186,0.44385,0.33857,0.5708,0.32581,0.18597,0.10615,0.900676971,0.811219006,0.730646277
221,1998,5,01/05/1998,0.8,0.2,0.04,0.008,0.0016,0.925,0.85563,0.79145,0.73209,0.65828,0.43333,0.28525,0.18778,0.7146,0.51065,0.36491,0.26077,0.880121803,0.774614388,0.681755012
222,1998,6,01/06/1998,0.65,0.65,0.4225,0.27463,0.17851,1.088,1.18374,1.28791,1.40125,0.44864,0.20128,0.0903,0.04051,0.9076,0.82374,0.74762,0.67854,0.761465622,0.579829893,0.44152053
223,1998,7,01/07/1998,0.467,1,1,1,1,0.994,0.98804,0.98211,0.97622,0.29223,0.0854,0.02496,0.00729,0.9825,0.96531,0.94841,0.93182,0.527655277,0.278420091,0.14690983
224,1998,8,01/08/1998,0.315,0.85,0.7225,0.61413,0.52201,0.775,0.60063,0.46548,0.36075,0.17066,0.02912,0.00497,0.00085,0.9135,0.83448,0.7623,0.69636,0.341246948,0.11644948,0.039738029
225,1998,9,01/09/1998,0.237,0.4,0.16,0.064,0.0256,0.563,0.31697,0.17845,0.10047,0.12698,0.01612,0.00205,0.00026,0.807,0.65125,0.52556,0.42413,0.276100517,0.076231495,0.021047555
226,1998,10,01/10/1998,0.39,0.35,0.1225,0.04288,0.01501,0.35,0.1225,0.04288,0.01501,0.14038,0.01971,0.00277,0.00039,0.6047,0.36566,0.22112,0.13371,0.308867638,0.095399218,0.029465731
227,1998,11,01/11/1998,0.549,0.2,0.04,0.008,0.0016,0.144,0.02074,0.00299,0.00043,0.23644,0.0559,0.01322,0.00313,0.4526,0.20485,0.09271,0.04196,0.403497097,0.162809907,0.065693325
228,1998,12,01/12/1998,0.734,0.25,0.0625,0.01563,0.00391,0,0,0,0,0.33971,0.1154,0.0392,0.01332,0.2982,0.08892,0.02652,0.00791,0.516861002,0.267145295,0.138076985
229,1999,1,01/01/1999,0.862,0.1,0.01,0.001,0.0001,0.088,0.00774,0.00068,0.00006,0.50366,0.25367,0.12777,0.06435,0.1158,0.01341,0.00155,0.00018,0.654869081,0.428853513,0.280842906
230,1999,2,01/02/1999,0.938,0.1,0.01,0.001,0.0001,0.288,0.08294,0.02389,0.00688,0.79375,0.63004,0.50009,0.39695,0.1637,0.0268,0.00439,0.00072,0.757922597,0.574446663,0.435386107
231,1999,3,01/03/1999,0.945,0,0,0,0,0.494,0.24404,0.12055,0.05955,0.80085,0.64136,0.51363,0.41134,0.207,0.04285,0.00887,0.00184,0.82828632,0.686058228,0.568252645
232,1999,4,01/04/1999,0.919,0.05,0.0025,0.00013,0.00001,0.706,0.49844,0.3519,0.24844,0.71505,0.5113,0.3656,0.26142,0.3895,0.15171,0.05909,0.02302,0.86691396,0.751539814,0.651520356
233,1999,5,01/05/1999,0.813,0.2,0.04,0.008,0.0016,0.925,0.85563,0.79145,0.73209,0.65569,0.42993,0.2819,0.18484,0.7018,0.49252,0.34565,0.24258,0.848502885,0.719957146,0.610885715
234,1999,6,01/06/1999,0.656,0.65,0.4225,0.27463,0.17851,1.088,1.18374,1.28791,1.40125,0.39924,0.15939,0.06364,0.02541,0.8947,0.80049,0.7162,0.64078,0.744316398,0.5540069,0.412356421
235,1999,7,01/07/1999,0.473,1,1,1,1,0.994,0.98804,0.98211,0.97622,0.23484,0.05515,0.01295,0.00304,0.9532,0.90859,0.86607,0.82554,0.525333096,0.275974862,0.144978729
236,1999,8,01/08/1999,0.292,0.85,0.7225,0.61413,0.52201,0.775,0.60063,0.46548,0.36075,0.13595,0.01848,0.00251,0.00034,0.9228,0.85156,0.78582,0.72515,0.335218885,0.112371701,0.037669116
237,1999,9,01/09/1999,0.204,0.4,0.16,0.064,0.0256,0.563,0.31697,0.17845,0.10047,0.06722,0.00452,0.0003,0.00002,0.7871,0.61953,0.48763,0.38381,0.255635565,0.065349542,0.016705667
238,1999,10,01/10/1999,0.402,0.35,0.1225,0.04288,0.01501,0.35,0.1225,0.04288,0.01501,0.10554,0.01114,0.00118,0.00012,0.5357,0.28697,0.15373,0.08235,0.294536196,0.086751571,0.025551478
239,1999,11,01/11/1999,0.577,0.2,0.04,0.008,0.0016,0.144,0.02074,0.00299,0.00043,0.24627,0.06065,0.01494,0.00368,0.3099,0.09604,0.02976,0.00922,0.395143338,0.156138258,0.061696992
240,1999,12,01/12/1999,0.724,0.25,0.0625,0.01563,0.00391,0,0,0,0,0.23269,0.05414,0.0126,0.00293,0.1439,0.02071,0.00298,0.00043,0.498335106,0.248337878,0.123755483
241,2000,1,01/01/2000,0.851,0.1,0.01,0.001,0.0001,0.088,0.00774,0.00068,0.00006,0.42247,0.17848,0.0754,0.03186,0.2327,0.05415,0.0126,0.00293,0.629806633,0.396656395,0.249816829
242,2000,2,01/02/2000,0.924,0.1,0.01,0.001,0.0001,0.288,0.08294,0.02389,0.00688,0.41501,0.17223,0.07148,0.02966,0.2877,0.08277,0.02381,0.00685,0.721996748,0.521279304,0.376361962
243,2000,3,01/03/2000,0.931,0,0,0,0,0.494,0.24404,0.12055,0.05955,0.56753,0.32209,0.1828,0.10374,0.2877,0.08277,0.02381,0.00685,0.788382769,0.62154739,0.490017253
244,2000,4,01/04/2000,0.878,0.05,0.0025,0.00013,0.00001,0.706,0.49844,0.3519,0.24844,0.56704,0.32153,0.18232,0.10338,0.4012,0.16096,0.06458,0.02591,0.821344381,0.674606592,0.554084334
245,2000,5,01/05/2000,0.765,0.2,0.04,0.008,0.0016,0.925,0.85563,0.79145,0.73209,0.51251,0.26267,0.13462,0.06899,0.6105,0.37271,0.22754,0.13891,0.805104346,0.648193008,0.521863008
246,2000,6,01/06/2000,0.647,0.65,0.4225,0.27463,0.17851,1.088,1.18374,1.28791,1.40125,0.38754,0.15019,0.0582,0.02256,0.9135,0.83448,0.7623,0.69636,0.708997455,0.502677391,0.356396991
247,2000,7,01/07/2000,0.474,1,1,1,1,0.994,0.98804,0.98211,0.97622,0.2059,0.04239,0.00873,0.0018,0.9333,0.87105,0.81295,0.75873,0.487243236,0.237405971,0.115674454
248,2000,8,01/08/2000,0.288,0.85,0.7225,0.61413,0.52201,0.775,0.60063,0.46548,0.36075,0.10264,0.01053,0.00108,0.00011,0.8819,0.77775,0.6859,0.60489,0.30989399,0.096034285,0.029760448
249,2000,9,01/09/2000,0.214,0.4,0.16,0.064,0.0256,0.563,0.31697,0.17845,0.10047,0.0448,0.00201,0.00009,0,0.7591,0.57623,0.43742,0.33204,0.256209666,0.065643393,0.016818472
250,2000,10,01/10/2000,0.384,0.35,0.1225,0.04288,0.01501,0.35,0.1225,0.04288,0.01501,0.10554,0.01114,0.00118,0.00012,0.5357,0.28697,0.15373,0.08235,0.291733645,0.08510852,0.024829019
251,2000,11,01/11/2000,0.539,0.2,0.04,0.008,0.0016,0.144,0.02074,0.00299,0.00043,0.42599,0.18147,0.0773,0.03293,0.4094,0.16761,0.06862,0.02809,0.379016951,0.143653849,0.054447244
252,2000,12,01/12/2000,0.724,0.25,0.0625,0.01563,0.00391,0,0,0,0,0.41032,0.16836,0.06908,0.02835,0.3602,0.12974,0.04673,0.01683,0.483259677,0.233539915,0.112860424
253,2001,1,01/01/2001,0.849,0.1,0.01,0.001,0.0001,0.088,0.00774,0.00068,0.00006,0.54283,0.29466,0.15995,0.08683,0.345,0.11903,0.04106,0.01417,0.613847791,0.376809111,0.23130344
254,2001,2,01/02/2001,0.93,0.1,0.01,0.001,0.0001,0.288,0.08294,0.02389,0.00688,0.88383,0.78116,0.69041,0.6102,0.3579,0.12809,0.04584,0.01641,0.716255735,0.513022278,0.367455149
255,2001,3,01/03/2001,0.954,0,0,0,0,0.494,0.24404,0.12055,0.05955,0.76543,0.58588,0.44845,0.34326,0.2351,0.05527,0.01299,0.00305,0.797287196,0.635666873,0.506809059
256,2001,4,01/04/2001,0.902,0.05,0.0025,0.00013,0.00001,0.706,0.49844,0.3519,0.24844,0.73122,0.53468,0.39097,0.28589,0.4211,0.17733,0.07467,0.03144,0.838208898,0.702594157,0.588920674
257,2001,5,01/05/2001,0.794,0.2,0.04,0.008,0.0016,0.925,0.85563,0.79145,0.73209,0.61215,0.37473,0.22939,0.14042,0.5649,0.31911,0.18027,0.10183,0.811426489,0.658412947,0.534253706
258,2001,6,01/06/2001,0.63,0.65,0.4225,0.27463,0.17851,1.088,1.18374,1.28791,1.40125,0.41907,0.17562,0.0736,0.03084,0.8865,0.78588,0.69668,0.61761,0.707126354,0.500027681,0.353582751
259,2001,7,01/07/2001,0.439,1,1,1,1,0.994,0.98804,0.98211,0.97622,0.2339,0.05471,0.0128,0.00299,0.9427,0.88868,0.83776,0.78976,0.502693589,0.252700844,0.127031094
260,2001,8,01/08/2001,0.311,0.85,0.7225,0.61413,0.52201,0.775,0.60063,0.46548,0.36075,0.1469,0.02158,0.00317,0.00047,0.8924,0.79638,0.71069,0.63422,0.343488286,0.117984203,0.040526192
261,2001,9,01/09/2001,0.252,0.4,0.16,0.064,0.0256,0.563,0.31697,0.17845,0.10047,0.10165,0.01033,0.00105,0.00011,0.8058,0.64931,0.52322,0.42161,0.298517413,0.089112646,0.026601677
262,2001,10,01/10/2001,0.378,0.35,0.1225,0.04288,0.01501,0.35,0.1225,0.04288,0.01501,0.11822,0.01398,0.00165,0.0002,0.4947,0.24473,0.12107,0.05989,0.327580995,0.107309308,0.03515249
263,2001,11,01/11/2001,0.566,0.2,0.04,0.008,0.0016,0.144,0.02074,0.00299,0.00043,0.22957,0.0527,0.0121,0.00278,0.3673,0.13491,0.04955,0.0182,0.410224626,0.168284244,0.069034341
264,2001,12,01/12/2001,0.712,0.25,0.0625,0.01563,0.00391,0,0,0,0,0.47611,0.22668,0.10792,0.05138,0.2526,0.06381,0.01612,0.00407,0.506695895,0.25674073,0.130089474
265,2002,1,01/01/2002,0.855,0.1,0.01,0.001,0.0001,0.088,0.00774,0.00068,0.00006,0.58388,0.34092,0.19905,0.11622,0.2199,0.04836,0.01063,0.00234,0.634114736,0.402101498,0.254978486
266,2002,2,01/02/2002,0.94,0.1,0.01,0.001,0.0001,0.288,0.08294,0.02389,0.00688,0.75051,0.56327,0.42274,0.31727,0.2363,0.05584,0.01319,0.00312,0.739301799,0.54656715,0.404078077
267,2002,3,01/03/2002,0.941,0,0,0,0,0.494,0.24404,0.12055,0.05955,0.7021,0.49294,0.3461,0.24299,0.3754,0.14093,0.0529,0.01986,0.805254315,0.648434512,0.522154689
268,2002,4,01/04/2002,0.857,0.05,0.0025,0.00013,0.00001,0.706,0.49844,0.3519,0.24844,0.67526,0.45598,0.3079,0.20791,0.4105,0.16851,0.06917,0.0284,0.83092367,0.690434145,0.573698074
269,2002,5,01/05/2002,0.751,0.2,0.04,0.008,0.0016,0.925,0.85563,0.79145,0.73209,0.56083,0.31453,0.1764,0.09893,0.7263,0.52751,0.38313,0.27827,0.809824864,0.65581631,0.531096354
270,2002,6,01/06/2002,0.64,0.65,0.4225,0.27463,0.17851,1.088,1.18374,1.28791,1.40125,0.36253,0.13143,0.04765,0.01727,0.876,0.76738,0.67222,0.58887,0.702346082,0.493290019,0.346460312
271,2002,7,01/07/2002,0.455,1,1,1,1,0.994,0.98804,0.98211,0.97622,0.25127,0.06314,0.01586,0.00399,0.9298,0.86453,0.80384,0.74741,0.477631141,0.228131507,0.108962712
272,2002,8,01/08/2002,0.242,0.85,0.7225,0.61413,0.52201,0.775,0.60063,0.46548,0.36075,0.09643,0.0093,0.0009,0.00009,0.8795,0.77352,0.68031,0.59833,0.299728884,0.089837404,0.026926865
273,2002,9,01/09/2002,0.181,0.4,0.16,0.064,0.0256,0.563,0.31697,0.17845,0.10047,0.05766,0.00332,0.00019,0.00001,0.8257,0.68178,0.56295,0.46482,0.248200368,0.061603423,0.015289992
274,2002,10,01/10/2002,0.367,0.35,0.1225,0.04288,0.01501,0.35,0.1225,0.04288,0.01501,0.01335,0.00018,0,0,0.6269,0.393,0.24637,0.15445,0.27747133,0.076990339,0.021362612
275,2002,11,01/11/2002,0.541,0.2,0.04,0.008,0.0016,0.144,0.02074,0.00299,0.00043,0.11505,0.01324,0.00152,0.00018,0.4982,0.2482,0.12365,0.0616,0.366335172,0.134201458,0.049162714
276,2002,12,01/12/2002,0.722,0.25,0.0625,0.01563,0.00391,0,0,0,0,0.228,0.05198,0.01185,0.0027,0.3743,0.1401,0.05244,0.01963,0.478706702,0.229160107,0.109700479
277,2003,1,01/01/2003,0.864,0.1,0.01,0.001,0.0001,0.088,0.00774,0.00068,0.00006,0.46766,0.21871,0.10228,0.04783,0.3018,0.09108,0.02749,0.0083,0.613078026,0.375864666,0.230434367
278,2003,2,01/02/2003,0.928,0.1,0.01,0.001,0.0001,0.288,0.08294,0.02389,0.00688,0.5724,0.32764,0.18754,0.10735,0.2807,0.07879,0.02212,0.00621,0.716102251,0.512802434,0.367218977
279,2003,3,01/03/2003,0.951,0,0,0,0,0.494,0.24404,0.12055,0.05955,0.6632,0.43983,0.2917,0.19345,0.2561,0.06559,0.0168,0.0043,0.79348524,0.629618826,0.499593245
280,2003,4,01/04/2003,0.874,0.05,0.0025,0.00013,0.00001,0.706,0.49844,0.3519,0.24844,0.7456,0.55592,0.41449,0.30905,0.4971,0.24711,0.12284,0.06106,0.824358998,0.679567758,0.560207796
281,2003,5,01/05/2003,0.755,0.2,0.04,0.008,0.0016,0.925,0.85563,0.79145,0.73209,0.64225,0.41249,0.26492,0.17014,0.7018,0.49252,0.34565,0.24258,0.790491712,0.624877147,0.493960206
282,2003,6,01/06/2003,0.641,0.65,0.4225,0.27463,0.17851,1.088,1.18374,1.28791,1.40125,0.45824,0.20998,0.09622,0.04409,0.8971,0.80479,0.72198,0.64768,0.674988401,0.455609341,0.307531021
283,2003,7,01/07/2003,0.45,1,1,1,1,0.994,0.98804,0.98211,0.97622,0.25494,0.06499,0.01657,0.00422,0.9439,0.89095,0.84097,0.79379,0.454109393,0.206215341,0.093644323
284,2003,8,01/08/2003,0.269,0.85,0.7225,0.61413,0.52201,0.775,0.60063,0.46548,0.36075,0.13711,0.0188,0.00258,0.00035,0.8877,0.78801,0.69952,0.62096,0.276818729,0.076628609,0.021212234
285,2003,9,01/09/2003,0.204,0.4,0.16,0.064,0.0256,0.563,0.31697,0.17845,0.10047,0.08245,0.0068,0.00056,0.00005,0.7626,0.58156,0.4435,0.33821,0.228692643,0.052300325,0.0119607
286,2003,10,01/10/2003,0.342,0.35,0.1225,0.04288,0.01501,0.35,0.1225,0.04288,0.01501,0.14435,0.02084,0.00301,0.00043,0.6608,0.43666,0.28854,0.19067,0.25383359,0.064431491,0.016354877
287,2003,11,01/11/2003,0.524,0.2,0.04,0.008,0.0016,0.144,0.02074,0.00299,0.00043,0.1536,0.02359,0.00362,0.00056,0.3883,0.15078,0.05855,0.02273,0.33590312,0.112830906,0.037900253
288,2003,12,01/12/2003,0.72,0.25,0.0625,0.01563,0.00391,0,0,0,0,0.36717,0.13481,0.0495,0.01817,0.2819,0.07947,0.0224,0.00632,0.443780257,0.196940917,0.087398491
289,2004,1,01/01/2004,0.835,0.1,0.01,0.001,0.0001,0.088,0.00774,0.00068,0.00006,0.57539,0.33107,0.1905,0.10961,0.2632,0.06927,0.01823,0.0048,0.571432254,0.326534821,0.186592529
290,2004,2,01/02/2004,0.906,0.1,0.01,0.001,0.0001,0.288,0.08294,0.02389,0.00688,0.60071,0.36085,0.21677,0.13021,0.1731,0.02996,0.00519,0.0009,0.664382759,0.44140445,0.293261507
291,2004,3,01/03/2004,0.912,0,0,0,0,0.494,0.24404,0.12055,0.05955,0.65543,0.42959,0.28157,0.18455,0.2292,0.05253,0.01204,0.00276,0.740792119,0.548772964,0.406526687
292,2004,4,01/04/2004,0.832,0.05,0.0025,0.00013,0.00001,0.706,0.49844,0.3519,0.24844,0.61737,0.38115,0.23531,0.14527,0.4643,0.21557,0.10009,0.04647,0.771957615,0.595918559,0.46002387
293,2004,5,01/05/2004,0.718,0.2,0.04,0.008,0.0016,0.925,0.85563,0.79145,0.73209,0.65159,0.42457,0.27665,0.18026,0.7333,0.53773,0.39432,0.28915,0.756469769,0.572246511,0.432887186
294,2004,6,01/06/2004,0.629,0.65,0.4225,0.27463,0.17851,1.088,1.18374,1.28791,1.40125,0.39991,0.15993,0.06396,0.02558,0.9544,0.91088,0.86934,0.8297,0.667612957,0.44570706,0.297559809
295,2004,7,01/07/2004,0.468,1,1,1,1,0.994,0.98804,0.98211,0.97622,0.23649,0.05593,0.01323,0.00313,0.9883,0.97674,0.96531,0.95401,0.456706908,0.2085812,0.095260475
296,2004,8,01/08/2004,0.262,0.85,0.7225,0.61413,0.52201,0.775,0.60063,0.46548,0.36075,0.1234,0.01523,0.00188,0.00023,0.9544,0.91088,0.86934,0.8297,0.278958135,0.077817641,0.021707864
297,2004,9,01/09/2004,0.192,0.4,0.16,0.064,0.0256,0.563,0.31697,0.17845,0.10047,0.05333,0.00284,0.00015,0.00001,0.7591,0.57623,0.43742,0.33204,0.219227002,0.048060478,0.010536155
298,2004,10,01/10/2004,0.348,0.35,0.1225,0.04288,0.01501,0.35,0.1225,0.04288,0.01501,0.13569,0.01841,0.0025,0.00034,0.6105,0.37271,0.22754,0.13891,0.254738093,0.064891496,0.016530336
299,2004,11,01/11/2004,0.541,0.2,0.04,0.008,0.0016,0.144,0.02074,0.00299,0.00043,0.19996,0.03998,0.008,0.0016,0.4035,0.16281,0.06569,0.02651,0.34501727,0.119036917,0.041069792
300,2004,12,01/12/2004,0.717,0.25,0.0625,0.01563,0.00391,0,0,0,0,0.23475,0.05511,0.01294,0.00304,0.2713,0.0736,0.01997,0.00542,0.457448553,0.209259179,0.095725308
301,2005,1,01/01/2005,0.806,0.1,0.01,0.001,0.0001,0.088,0.00774,0.00068,0.00006,0.34113,0.11637,0.0397,0.01354,0.2842,0.08077,0.02295,0.00652,0.578567512,0.334740366,0.193669901
302,2005,2,01/02/2005,0.863,0.1,0.01,0.001,0.0001,0.288,0.08294,0.02389,0.00688,0.54011,0.29172,0.15756,0.0851,0.2526,0.06381,0.01612,0.00407,0.664783458,0.441937046,0.293792438
303,2005,3,01/03/2005,0.888,0,0,0,0,0.494,0.24404,0.12055,0.05955,0.69446,0.48227,0.33492,0.23259,0.345,0.11903,0.04106,0.01417,0.741288892,0.549509221,0.407345082
304,2005,4,01/04/2005,0.84,0.05,0.0025,0.00013,0.00001,0.706,0.49844,0.3519,0.24844,0.7184,0.5161,0.37077,0.26636,0.4211,0.17733,0.07467,0.03144,0.782366422,0.612097218,0.478884311
305,2005,5,01/05/2005,0.746,0.2,0.04,0.008,0.0016,0.925,0.85563,0.79145,0.73209,0.55243,0.30518,0.16859,0.09313,0.738,0.54464,0.40195,0.29664,0.758340871,0.575080877,0.436107333
306,2005,6,01/06/2005,0.606,0.65,0.4225,0.27463,0.17851,1.088,1.18374,1.28791,1.40125,0.35382,0.12519,0.04429,0.01567,0.8994,0.80892,0.72754,0.65435,0.629872245,0.396739045,0.249894913
307,2005,7,01/07/2005,0.406,1,1,1,1,0.994,0.98804,0.98211,0.97622,0.19553,0.03823,0.00748,0.00146,0.9333,0.87105,0.81295,0.75873,0.409037759,0.167311888,0.06843688
308,2005,8,01/08/2005,0.218,0.85,0.7225,0.61413,0.52201,0.775,0.60063,0.46548,0.36075,0.09022,0.00814,0.00073,0.00007,0.9322,0.869,0.81008,0.75516,0.249225549,0.062113374,0.01548024
309,2005,9,01/09/2005,0.154,0.4,0.16,0.064,0.0256,0.563,0.31697,0.17845,0.10047,0.02809,0.00079,0.00002,0,0.8175,0.66831,0.54634,0.44663,0.193774399,0.037548518,0.007275941
310,2005,10,01/10/2005,0.302,0.35,0.1225,0.04288,0.01501,0.35,0.1225,0.04288,0.01501,0.14167,0.02007,0.00284,0.0004,0.593,0.35165,0.20853,0.12366,0.217974524,0.047512893,0.0103566
311,2005,11,01/11/2005,0.531,0.2,0.04,0.008,0.0016,0.144,0.02074,0.00299,0.00043,0.24632,0.06067,0.01495,0.00368,0.2819,0.07947,0.0224,0.00632,0.305735857,0.093474414,0.02857848
312,2005,12,01/12/2005,0.692,0.25,0.0625,0.01563,0.00391,0,0,0,0,0.29728,0.08838,0.02627,0.00781,0.3509,0.12313,0.04321,0.01516,0.412949849,0.170527578,0.070419337
313,2006,1,01/01/2006,0.791,0.1,0.01,0.001,0.0001,0.088,0.00774,0.00068,0.00006,0.78754,0.62022,0.48845,0.38467,0.1825,0.03331,0.00608,0.00111,0.545256752,0.297304926,0.162107518
314,2006,2,01/02/2006,0.859,0.1,0.01,0.001,0.0001,0.288,0.08294,0.02389,0.00688,0.81402,0.66263,0.53939,0.43908,0.2971,0.08827,0.02622,0.00779,0.642416943,0.412699529,0.26512517
315,2006,3,01/03/2006,0.867,0,0,0,0,0.494,0.24404,0.12055,0.05955,0.72573,0.52668,0.38223,0.2774,0.1906,0.03633,0.00692,0.00132,0.714131561,0.509983886,0.364195589
316,2006,4,01/04/2006,0.826,0.05,0.0025,0.00013,0.00001,0.706,0.49844,0.3519,0.24844,0.71009,0.50423,0.35805,0.25425,0.3602,0.12974,0.04673,0.01683,0.749256012,0.561384572,0.420620765
317,2006,5,01/05/2006,0.715,0.2,0.04,0.008,0.0016,0.925,0.85563,0.79145,0.73209,0.55449,0.30746,0.17048,0.09453,0.7111,0.50566,0.35958,0.2557,0.722443141,0.521924092,0.37706048
318,2006,6,01/06/2006,0.587,0.65,0.4225,0.27463,0.17851,1.088,1.18374,1.28791,1.40125,0.44011,0.1937,0.08525,0.03752,0.8959,0.80264,0.71908,0.64423,0.604650454,0.365602172,0.221061519
319,2006,7,01/07/2006,0.391,1,1,1,1,0.994,0.98804,0.98211,0.97622,0.25172,0.06336,0.01595,0.00401,0.9392,0.8821,0.82847,0.77809,0.389841689,0.151976542,0.059246792
320,2006,8,01/08/2006,0.234,0.85,0.7225,0.61413,0.52201,0.775,0.60063,0.46548,0.36075,0.11371,0.01293,0.00147,0.00017,0.8655,0.74909,0.64834,0.56114,0.238198119,0.056738344,0.013514967
321,2006,9,01/09/2006,0.183,0.4,0.16,0.064,0.0256,0.563,0.31697,0.17845,0.10047,0.08062,0.0065,0.00052,0.00004,0.8281,0.68575,0.56787,0.47025,0.188066193,0.035368893,0.006651693
322,2006,10,01/10/2006,0.317,0.35,0.1225,0.04288,0.01501,0.35,0.1225,0.04288,0.01501,0.2134,0.04554,0.00972,0.00207,0.6573,0.43204,0.28398,0.18666,0.205033813,0.042038864,0.008619389
323,2006,11,01/11/2006,0.486,0.2,0.04,0.008,0.0016,0.144,0.02074,0.00299,0.00043,0.17959,0.03225,0.00579,0.00104,0.3567,0.12723,0.04538,0.01619,0.287028358,0.082385278,0.023646911
324,2006,12,01/12/2006,0.669,0.25,0.0625,0.01563,0.00391,0,0,0,0,0.39259,0.15413,0.06051,0.02376,0.3322,0.11036,0.03666,0.01218,0.381539482,0.145572376,0.055541609
325,2007,1,01/01/2007,0.809,0.1,0.01,0.001,0.0001,0.088,0.00774,0.00068,0.00006,0.53305,0.28414,0.15146,0.08074,0.248,0.0615,0.01525,0.00378,0.5111774,0.261302334,0.133571848
326,2007,2,01/02/2007,0.874,0.1,0.01,0.001,0.0001,0.288,0.08294,0.02389,0.00688,0.78455,0.61552,0.48291,0.37886,0.2327,0.05415,0.0126,0.00293,0.599965085,0.359958103,0.215962294
327,2007,3,01/03/2007,0.876,0,0,0,0,0.494,0.24404,0.12055,0.05955,0.68866,0.47425,0.3266,0.22492,0.1474,0.02173,0.0032,0.00047,0.677210993,0.458614729,0.310578936
328,2007,4,01/04/2007,0.821,0.05,0.0025,0.00013,0.00001,0.706,0.49844,0.3519,0.24844,0.58151,0.33815,0.19664,0.11435,0.5053,0.25533,0.12902,0.06519,0.70192898,0.492704293,0.345843422
329,2007,5,01/05/2007,0.736,0.2,0.04,0.008,0.0016,0.925,0.85563,0.79145,0.73209,0.57834,0.33448,0.19344,0.11187,0.6468,0.41835,0.27059,0.17502,0.679207459,0.461322772,0.313333868
330,2007,6,01/06/2007,0.611,0.65,0.4225,0.27463,0.17851,1.088,1.18374,1.28791,1.40125,0.35176,0.12374,0.04353,0.01531,0.8994,0.80892,0.72754,0.65435,0.545746496,0.297839238,0.16254472
331,2007,7,01/07/2007,0.349,1,1,1,1,0.994,0.98804,0.98211,0.97622,0.21072,0.0444,0.00936,0.00197,0.9696,0.94012,0.91154,0.88383,0.300541998,0.090325493,0.027146604
332,2007,8,01/08/2007,0.141,0.85,0.7225,0.61413,0.52201,0.775,0.60063,0.46548,0.36075,0.10536,0.0111,0.00117,0.00012,0.9181,0.84291,0.77387,0.71049,0.140264649,0.019674172,0.002759591
333,2007,9,01/09/2007,0.056,0.4,0.16,0.064,0.0256,0.563,0.31697,0.17845,0.10047,0.06494,0.00422,0.00027,0.00002,0.8117,0.65886,0.53479,0.43409,0.096554455,0.009322763,0.000900154
334,2007,10,01/10/2007,0.197,0.35,0.1225,0.04288,0.01501,0.35,0.1225,0.04288,0.01501,0.18263,0.03335,0.00609,0.00111,0.5731,0.32844,0.18823,0.10788,0.111179977,0.012360987,0.001374294
335,2007,11,01/11/2007,0.494,0.2,0.04,0.008,0.0016,0.144,0.02074,0.00299,0.00043,0.28924,0.08366,0.0242,0.007,0.4854,0.23561,0.11437,0.05551,0.215183689,0.04630402,0.00996387
336,2007,12,01/12/2007,0.676,0.25,0.0625,0.01563,0.00391,0,0,0,0,0.27561,0.07596,0.02094,0.00577,0.3251,0.10569,0.03436,0.01117,0.346837991,0.120296592,0.041723428
337,2008,1,01/01/2008,0.824,0.1,0.01,0.001,0.0001,0.088,0.00774,0.00068,0.00006,0.53037,0.28129,0.14919,0.07913,0.186,0.0346,0.00643,0.0012,0.517807683,0.268124797,0.13883708
338,2008,2,01/02/2008,0.909,0.1,0.01,0.001,0.0001,0.288,0.08294,0.02389,0.00688,0.74551,0.55579,0.41434,0.3089,0.1789,0.03201,0.00573,0.00102,0.625024019,0.390655024,0.244168773
339,2008,3,01/03/2008,0.927,0,0,0,0,0.494,0.24404,0.12055,0.05955,0.73153,0.53514,0.39147,0.28637,0.2094,0.04385,0.00918,0.00192,0.706631924,0.499328676,0.352841583
340,2008,4,01/04/2008,0.861,0.05,0.0025,0.00013,0.00001,0.706,0.49844,0.3519,0.24844,0.63729,0.40614,0.25883,0.16495,0.4538,0.20593,0.09345,0.04241,0.745223243,0.555357682,0.413865453
341,2008,5,01/05/2008,0.751,0.2,0.04,0.008,0.0016,0.925,0.85563,0.79145,0.73209,0.41706,0.17394,0.07254,0.03025,0.7123,0.50737,0.3614,0.25743,0.715239927,0.511568153,0.365893969
342,2008,6,01/06/2008,0.61,0.65,0.4225,0.27463,0.17851,1.088,1.18374,1.28791,1.40125,0.33649,0.11323,0.0381,0.01282,0.8947,0.80049,0.7162,0.64078,0.59351289,0.352257551,0.209069397
343,2008,7,01/07/2008,0.408,1,1,1,1,0.994,0.98804,0.98211,0.97622,0.21492,0.04619,0.00993,0.00213,0.9357,0.87553,0.81924,0.76656,0.371206831,0.137794511,0.051150264
344,2008,8,01/08/2008,0.187,0.85,0.7225,0.61413,0.52201,0.775,0.60063,0.46548,0.36075,0.0983,0.00966,0.00095,0.00009,0.862,0.74304,0.6405,0.55211,0.197987599,0.039199089,0.007760934
345,2008,9,01/09/2008,0.089,0.4,0.16,0.064,0.0256,0.563,0.31697,0.17845,0.10047,0.04582,0.0021,0.0001,0,0.7591,0.57623,0.43742,0.33204,0.123741078,0.015311854,0.001894705
346,2008,10,01/10/2008,0.302,0.35,0.1225,0.04288,0.01501,0.35,0.1225,0.04288,0.01501,0.09567,0.00915,0.00088,0.00008,0.4971,0.24711,0.12284,0.06106,0.148359476,0.022010534,0.003265471
347,2008,11,01/11/2008,0.541,0.2,0.04,0.008,0.0016,0.144,0.02074,0.00299,0.00043,0.24381,0.05944,0.01449,0.00353,0.3556,0.12645,0.04497,0.01599,0.263677669,0.069525913,0.018332431
348,2008,12,01/12/2008,0.702,0.25,0.0625,0.01563,0.00391,0,0,0,0,0.30183,0.0911,0.0275,0.0083,0.3029,0.09175,0.02779,0.00842,0.382292843,0.146147818,0.055871265
349,2009,1,01/01/2009,0.826,0.1,0.01,0.001,0.0001,0.088,0.00774,0.00068,0.00006,0.91862,0.84386,0.77519,0.7121,0.1731,0.02996,0.00519,0.0009,0.527467815,0.278222296,0.146753306
350,2009,2,01/02/2009,0.898,0.1,0.01,0.001,0.0001,0.288,0.08294,0.02389,0.00688,0.94694,0.8967,0.84912,0.80406,0.1754,0.03077,0.0054,0.00095,0.630251855,0.397217401,0.250347004
351,2009,3,01/03/2009,0.911,0,0,0,0,0.494,0.24404,0.12055,0.05955,0.77405,0.59915,0.46377,0.35898,0.1906,0.03633,0.00692,0.00132,0.705195499,0.497300692,0.35069421
352,2009,4,01/04/2009,0.873,0.05,0.0025,0.00013,0.00001,0.706,0.49844,0.3519,0.24844,0.64712,0.41876,0.27099,0.17536,0.4409,0.19439,0.08571,0.03779,0.743871176,0.553344326,0.411616895
353,2009,5,01/05/2009,0.768,0.2,0.04,0.008,0.0016,0.925,0.85563,0.79145,0.73209,0.5678,0.3224,0.18306,0.10394,0.7216,0.52071,0.37574,0.27114,0.706651842,0.499356826,0.352871421
354,2009,6,01/06/2009,0.619,0.65,0.4225,0.27463,0.17851,1.088,1.18374,1.28791,1.40125,0.3682,0.13557,0.04992,0.01838,0.8877,0.78801,0.69952,0.62096,0.564188033,0.318308137,0.179585641
355,2009,7,01/07/2009,0.391,1,1,1,1,0.994,0.98804,0.98211,0.97622,0.21117,0.04459,0.00942,0.00199,0.9614,0.92429,0.88861,0.85431,0.325372463,0.10586724,0.034446285
356,2009,8,01/08/2009,0.205,0.85,0.7225,0.61413,0.52201,0.775,0.60063,0.46548,0.36075,0.09366,0.00877,0.00082,0.00008,0.8912,0.79424,0.70782,0.63081,0.163293138,0.026664649,0.004354154
357,2009,9,01/09/2009,0.135,0.4,0.16,0.064,0.0256,0.563,0.31697,0.17845,0.10047,0.05967,0.00356,0.00021,0.00001,0.7754,0.60125,0.46621,0.3615,0.111315887,0.012391227,0.00137934
358,2009,10,01/10/2009,0.268,0.35,0.1225,0.04288,0.01501,0.35,0.1225,0.04288,0.01501,0.15333,0.02351,0.0036,0.00055,0.6363,0.40488,0.25762,0.16393,0.127512572,0.016259456,0.002073285
359,2009,11,01/11/2009,0.495,0.2,0.04,0.008,0.0016,0.144,0.02074,0.00299,0.00043,0.38298,0.14667,0.05617,0.02151,0.3123,0.09753,0.03046,0.00951,0.231167136,0.053438245,0.012353166
360,2009,12,01/12/2009,0.689,0.25,0.0625,0.01563,0.00391,0,0,0,0,0.35833,0.1284,0.04601,0.01649,0.3263,0.10647,0.03474,0.01134,0.349197664,0.121939009,0.042580817
361,2010,1,01/01/2010,0.812,0.1,0.01,0.001,0.0001,0.088,0.00774,0.00068,0.00006,0.67128,0.45062,0.30249,0.20306,0.1719,0.02955,0.00508,0.00087,0.48785483,0.238002335,0.116110589
362,2010,2,01/02/2010,0.879,0.1,0.01,0.001,0.0001,0.288,0.08294,0.02389,0.00688,0.93484,0.87393,0.81698,0.76375,0.262,0.06864,0.01798,0.00471,0.591825736,0.350257702,0.207291522
363,2010,3,01/03/2010,0.924,0,0,0,0,0.494,0.24404,0.12055,0.05955,0.83024,0.6893,0.57228,0.47513,0.2386,0.05693,0.01358,0.00324,0.68059819,0.463213896,0.315262539
364,2010,4,01/04/2010,0.886,0.05,0.0025,0.00013,0.00001,0.706,0.49844,0.3519,0.24844,0.72456,0.52499,0.38038,0.27561,0.5029,0.25291,0.12719,0.06396,0.713840995,0.509568966,0.363751218
365,2010,5,01/05/2010,0.743,0.2,0.04,0.008,0.0016,0.925,0.85563,0.79145,0.73209,0.59786,0.35744,0.2137,0.12776,0.6912,0.47776,0.33023,0.22825,0.648573886,0.420648086,0.272821364
366,2010,6,01/06/2010,0.561,0.65,0.4225,0.27463,0.17851,1.088,1.18374,1.28791,1.40125,0.46445,0.21571,0.10019,0.04653,0.8842,0.78181,0.69128,0.61123,0.473672186,0.22436534,0.106275621
367,2010,7,01/07/2010,0.359,1,1,1,1,0.994,0.98804,0.98211,0.97622,0.27276,0.0744,0.02029,0.00554,0.9474,0.89757,0.85035,0.80563,0.233700211,0.054615789,0.012763721
368,2010,8,01/08/2010,0.184,0.85,0.7225,0.61413,0.52201,0.775,0.60063,0.46548,0.36075,0.14256,0.02032,0.0029,0.00041,0.9287,0.86248,0.80099,0.74388,0.080825253,0.006532722,0.000528009
369,2010,9,01/09/2010,0.104,0.4,0.16,0.064,0.0256,0.563,0.31697,0.17845,0.10047,0.09116,0.00831,0.00076,0.00007,0.7953,0.6325,0.50303,0.40006,0.032817501,0.001076988,3.53441E-05
370,2010,10,01/10/2010,0.272,0.35,0.1225,0.04288,0.01501,0.35,0.1225,0.04288,0.01501,0.16954,0.02874,0.00487,0.00083,0.6,0.36,0.216,0.1296,0.075818856,0.005748499,0.000435845
371,2010,11,01/11/2010,0.482,0.2,0.04,0.008,0.0016,0.144,0.02074,0.00299,0.00043,0.23484,0.05515,0.01295,0.00304,0.4877,0.23785,0.116,0.05657,0.185767444,0.034509543,0.00641075
372,2010,12,01/12/2010,0.66,0.25,0.0625,0.01563,0.00391,0,0,0,0,0.3067,0.09406,0.02885,0.00885,0.1906,0.03633,0.00692,0.00132,0.305017645,0.093035764,0.02837755
373,2011,1,01/01/2011,0.79,0.1,0.01,0.001,0.0001,0.088,0.00774,0.00068,0.00006,0.39232,0.15391,0.06038,0.02369,0.2667,0.07113,0.01897,0.00506,0.436250158,0.1903142,0.0830246
374,2011,2,01/02/2011,0.862,0.1,0.01,0.001,0.0001,0.288,0.08294,0.02389,0.00688,0.53573,0.28701,0.15376,0.08237,0.2515,0.06325,0.01591,0.004,0.547194637,0.299421971,0.163842097
375,2011,3,01/03/2011,0.877,0,0,0,0,0.494,0.24404,0.12055,0.05955,0.38656,0.14943,0.05776,0.02233,0.2889,0.08346,0.02411,0.00697,0.62061867,0.385167534,0.239042162
376,2011,4,01/04/2011,0.842,0.05,0.0025,0.00013,0.00001,0.706,0.49844,0.3519,0.24844,0.61295,0.37571,0.23029,0.14116,0.3649,0.13315,0.04859,0.01773,0.657877841,0.432803254,0.28473167
377,2011,5,01/05/2011,0.728,0.2,0.04,0.008,0.0016,0.925,0.85563,0.79145,0.73209,0.57463,0.3302,0.18974,0.10903,0.6819,0.46499,0.31708,0.21621,0.610488712,0.372696467,0.227526986
378,2011,6,01/06/2011,0.573,0.65,0.4225,0.27463,0.17851,1.088,1.18374,1.28791,1.40125,0.32434,0.1052,0.03412,0.01107,0.8877,0.78801,0.69952,0.62096,0.450910829,0.203320576,0.091679449
379,2011,7,01/07/2011,0.331,1,1,1,1,0.994,0.98804,0.98211,0.97622,0.19245,0.03704,0.00713,0.00137,0.9591,0.91987,0.88225,0.84617,0.208783046,0.04359036,0.009100928
380,2011,8,01/08/2011,0.154,0.85,0.7225,0.61413,0.52201,0.775,0.60063,0.46548,0.36075,0.0661,0.00437,0.00029,0.00002,0.9029,0.81523,0.73607,0.6646,0.06494491,0.004217841,0.000273927
381,2011,9,01/09/2011,0.079,0.4,0.16,0.064,0.0256,0.563,0.31697,0.17845,0.10047,0.0222,0.00049,0.00001,0,0.8082,0.65319,0.52791,0.42665,0.023828716,0.000567808,1.35301E-05
382,2011,10,01/10/2011,0.231,0.35,0.1225,0.04288,0.01501,0.35,0.1225,0.04288,0.01501,0.0912,0.00832,0.00076,0.00007,0.6105,0.37271,0.22754,0.13891,0.059777999,0.003573409,0.000213611
383,2011,11,01/11/2011,0.495,0.2,0.04,0.008,0.0016,0.144,0.02074,0.00299,0.00043,0.15918,0.02534,0.00403,0.00064,0.283,0.08009,0.02267,0.00641,0.175184064,0.030689456,0.005376304
384,2011,12,01/12/2011,0.685,0.25,0.0625,0.01563,0.00391,0,0,0,0,0.39357,0.1549,0.06096,0.02399,0.2409,0.05803,0.01398,0.00337,0.306122497,0.093710983,0.02868704
385,2012,1,01/01/2012,0.812,0.1,0.01,0.001,0.0001,0.088,0.00774,0.00068,0.00006,0.72421,0.52448,0.37983,0.27508,0.0538,0.00289,0.00016,0.00001,0.460514723,0.21207381,0.097663112
386,2012,2,01/02/2012,0.877,0.1,0.01,0.001,0.0001,0.288,0.08294,0.02389,0.00688,0.69169,0.47844,0.33093,0.2289,0.2667,0.07113,0.01897,0.00506,0.556609897,0.309814577,0.17244586
387,2012,3,01/03/2012,0.929,0,0,0,0,0.494,0.24404,0.12055,0.05955,0.71519,0.5115,0.36582,0.26163,0.124,0.01538,0.00191,0.00024,0.640025635,0.409632813,0.262175502
388,2012,4,01/04/2012,0.883,0.05,0.0025,0.00013,0.00001,0.706,0.49844,0.3519,0.24844,0.70402,0.49564,0.34894,0.24566,0.4632,0.21455,0.09938,0.04603,0.679662054,0.461940508,0.313963434
389,2012,5,01/05/2012,0.754,0.2,0.04,0.008,0.0016,0.925,0.85563,0.79145,0.73209,0.54926,0.30169,0.1657,0.09101,0.6749,0.45549,0.30741,0.20747,0.631013418,0.398177934,0.251255619
390,2012,6,01/06/2012,0.567,0.65,0.4225,0.27463,0.17851,1.088,1.18374,1.28791,1.40125,0.30844,0.09514,0.02934,0.00905,0.9064,0.82156,0.74466,0.67496,0.43395141,0.188313826,0.08171905
391,2012,7,01/07/2012,0.327,1,1,1,1,0.994,0.98804,0.98211,0.97622,0.18857,0.03556,0.00671,0.00126,0.9661,0.93335,0.90171,0.87114,0.198561701,0.039426749,0.007828642
392,2012,8,01/08/2012,0.092,0.85,0.7225,0.61413,0.52201,0.775,0.60063,0.46548,0.36075,0.08062,0.0065,0.00052,0.00004,0.9287,0.86248,0.80099,0.74388,0.047345778,0.002241623,0.000106131
393,2012,9,01/09/2012,0,0.4,0.16,0.064,0.0256,0.563,0.31697,0.17845,0.10047,0.05078,0.00258,0.00013,0.00001,0.7965,0.63441,0.50531,0.40248,0,0,0
394,2012,10,01/10/2012,0.185,0.35,0.1225,0.04288,0.01501,0.35,0.1225,0.04288,0.01501,0.08843,0.00782,0.00069,0.00006,0.6164,0.37995,0.2342,0.14436,0.034174255,0.00116788,3.99114E-05
395,2012,11,01/11/2012,0.465,0.2,0.04,0.008,0.0016,0.144,0.02074,0.00299,0.00043,0.1331,0.01772,0.00236,0.00031,0.3357,0.11269,0.03783,0.0127,0.13990027,0.019572086,0.00273814
396,2012,12,01/12/2012,0.674,0.25,0.0625,0.01563,0.00391,0,0,0,0,0.33251,0.11056,0.03676,0.01222,0.193,0.03725,0.00719,0.00139,0.276212994,0.076293618,0.021073289
397,2013,1,01/01/2013,0.809,0.1,0.01,0.001,0.0001,0.088,0.00774,0.00068,0.00006,0.6992,0.48888,0.34183,0.239,0.283,0.08009,0.02267,0.00641,0.422010104,0.178092528,0.075156846
398,2013,2,01/02/2013,0.891,0.1,0.01,0.001,0.0001,0.288,0.08294,0.02389,0.00688,0.68294,0.46641,0.31853,0.21754,0.1649,0.02719,0.00448,0.00074,0.547704298,0.299979998,0.164300334
399,2013,3,01/03/2013,0.915,0,0,0,0,0.494,0.24404,0.12055,0.05955,0.69696,0.48575,0.33855,0.23596,0.2877,0.08277,0.02381,0.00685,0.641142204,0.411063326,0.263550047
400,2013,4,01/04/2013,0.857,0.05,0.0025,0.00013,0.00001,0.706,0.49844,0.3519,0.24844,0.66302,0.4396,0.29146,0.19324,0.3591,0.12895,0.04631,0.01663,0.679672598,0.46195484,0.313978047
401,2013,5,01/05/2013,0.753,0.2,0.04,0.008,0.0016,0.925,0.85563,0.79145,0.73209,0.64288,0.41329,0.2657,0.17081,0.6304,0.3974,0.25052,0.15793,0.635862816,0.404321521,0.257093021
402,2013,6,01/06/2013,0.622,0.65,0.4225,0.27463,0.17851,1.088,1.18374,1.28791,1.40125,0.41206,0.16979,0.06997,0.02883,0.9123,0.83229,0.7593,0.69271,0.487464675,0.237621809,0.115832238
403,2013,7,01/07/2013,0.364,1,1,1,1,0.994,0.98804,0.98211,0.97622,0.25837,0.06676,0.01725,0.00446,0.9661,0.93335,0.90171,0.87114,0.244131279,0.059600081,0.014550244
404,2013,8,01/08/2013,0.195,0.85,0.7225,0.61413,0.52201,0.775,0.60063,0.46548,0.36075,0.12582,0.01583,0.00199,0.00025,0.8959,0.80264,0.71908,0.64423,0.096417374,0.00929631,0.000896326
405,2013,9,01/09/2013,0.131,0.4,0.16,0.064,0.0256,0.563,0.31697,0.17845,0.10047,0.08843,0.00782,0.00069,0.00006,0.7509,0.56385,0.4234,0.31793,0.059015264,0.003482801,0.000205538
406,2013,10,01/10/2013,0.31,0.35,0.1225,0.04288,0.01501,0.35,0.1225,0.04288,0.01501,0.14297,0.02044,0.00292,0.00042,0.655,0.42903,0.28101,0.18406,0.101544449,0.010311275,0.001047053
407,2013,11,01/11/2013,0.509,0.2,0.04,0.008,0.0016,0.144,0.02074,0.00299,0.00043,0.15824,0.02504,0.00396,0.00063,0.3731,0.1392,0.05194,0.01938,0.20738177,0.043007199,0.008918909
408,2013,12,01/12/2013,0.688,0.25,0.0625,0.01563,0.00391,0,0,0,0,0.21478,0.04613,0.00991,0.00213,0.3146,0.09897,0.03114,0.0098,0.333373559,0.11113793,0.037050447
409,2014,1,01/01/2014,0.805,0.1,0.01,0.001,0.0001,0.088,0.00774,0.00068,0.00006,0.49763,0.24764,0.12323,0.06132,0.352,0.1239,0.04361,0.01535,0.478635232,0.229091685,0.109651352
410,2014,2,01/02/2014,0.867,0.1,0.01,0.001,0.0001,0.288,0.08294,0.02389,0.00688,0.55851,0.31193,0.17422,0.0973,0.2643,0.06985,0.01846,0.00488,0.565759196,0.320083468,0.181090165
411,2014,3,01/03/2014,0.894,0,0,0,0,0.494,0.24404,0.12055,0.05955,0.76119,0.57941,0.44104,0.33572,0.3064,0.09388,0.02877,0.00881,0.635296916,0.403602171,0.256407215
412,2014,4,01/04/2014,0.84,0.05,0.0025,0.00013,0.00001,0.706,0.49844,0.3519,0.24844,0.75083,0.56375,0.42328,0.31781,0.4526,0.20485,0.09271,0.04196,0.673193456,0.453189429,0.305084158
413,2014,5,01/05/2014,0.729,0.2,0.04,0.008,0.0016,0.925,0.85563,0.79145,0.73209,0.58919,0.34714,0.20453,0.12051,0.7357,0.54125,0.3982,0.29296,0.637487874,0.406390789,0.2590692
414,2014,6,01/06/2014,0.596,0.65,0.4225,0.27463,0.17851,1.088,1.18374,1.28791,1.40125,0.35386,0.12522,0.04431,0.01568,0.8737,0.76335,0.66694,0.58271,0.491895799,0.241961477,0.119019834
415,2014,7,01/07/2014,0.363,1,1,1,1,0.994,0.98804,0.98211,0.97622,0.23033,0.05305,0.01222,0.00281,0.9263,0.85803,0.79479,0.73622,0.292692043,0.085668632,0.025074527
416,2014,8,01/08/2014,0.2,0.85,0.7225,0.61413,0.52201,0.775,0.60063,0.46548,0.36075,0.09933,0.00987,0.00098,0.0001,0.8971,0.80479,0.72198,0.64768,0.158507009,0.025124472,0.003982405
417,2014,9,01/09/2014,0.132,0.4,0.16,0.064,0.0256,0.563,0.31697,0.17845,0.10047,0.10264,0.01053,0.00108,0.00011,0.7825,0.61231,0.47913,0.37492,0.112331695,0.01261841,0.001417447
418,2014,10,01/10/2014,0.292,0.35,0.1225,0.04288,0.01501,0.35,0.1225,0.04288,0.01501,0.17017,0.02896,0.00493,0.00084,0.6129,0.37565,0.23023,0.14111,0.14518083,0.021077473,0.003060045
419,2014,11,01/11/2014,0.522,0.2,0.04,0.008,0.0016,0.144,0.02074,0.00299,0.00043,0.34806,0.12115,0.04217,0.01468,0.4596,0.21123,0.09708,0.04462,0.255148165,0.065100586,0.016610295
420,2014,12,01/12/2014,0.701,0.25,0.0625,0.01563,0.00391,0,0,0,0,0.43488,0.18912,0.08224,0.03577,0.3041,0.09248,0.02812,0.00855,0.379906222,0.144328738,0.054831385
421,2015,1,01/01/2015,0.801,0.1,0.01,0.001,0.0001,0.088,0.00774,0.00068,0.00006,0.80683,0.65097,0.52523,0.42377,0.2444,0.05973,0.0146,0.00357,0.514961781,0.265185636,0.136560467
422,2015,2,01/02/2015,0.865,0.1,0.01,0.001,0.0001,0.288,0.08294,0.02389,0.00688,0.72309,0.52286,0.37807,0.27338,0.317,0.10049,0.03186,0.0101,0.622358548,0.387330162,0.241058237
423,2015,3,01/03/2015,0.863,0,0,0,0,0.494,0.24404,0.12055,0.05955,0.75078,0.56367,0.42319,0.31772,0.276,0.07618,0.02102,0.0058,0.684475131,0.468506205,0.320680846
424,2015,4,01/04/2015,0.824,0.05,0.0025,0.00013,0.00001,0.706,0.49844,0.3519,0.24844,0.79107,0.62579,0.49505,0.39162,0.4947,0.24473,0.12107,0.05989,0.71863064,0.516429997,0.371122419
425,2015,5,01/05/2015,0.711,0.2,0.04,0.008,0.0016,0.925,0.85563,0.79145,0.73209,0.65029,0.42288,0.27499,0.17883,0.7719,0.59583,0.45992,0.35501,0.676850129,0.458126097,0.310082708
426,2015,6,01/06/2015,0.584,0.65,0.4225,0.27463,0.17851,1.088,1.18374,1.28791,1.40125,0.39522,0.1562,0.06173,0.0244,0.9158,0.83869,0.76807,0.7034,0.523040206,0.273571057,0.143088662
427,2015,7,01/07/2015,0.384,1,1,1,1,0.994,0.98804,0.98211,0.97622,0.24779,0.0614,0.01521,0.00377,0.9415,0.88642,0.83457,0.78574,0.283677482,0.080472914,0.022828354
428,2015,8,01/08/2015,0.162,0.85,0.7225,0.61413,0.52201,0.775,0.60063,0.46548,0.36075,0.1351,0.01825,0.00247,0.00033,0.8772,0.76948,0.67499,0.5921,0.121864118,0.014850863,0.001809787
429,2015,9,01/09/2015,0.084,0.4,0.16,0.064,0.0256,0.563,0.31697,0.17845,0.10047,0.09116,0.00831,0.00076,0.00007,0.7368,0.54287,0.39999,0.29471,0.072288719,0.005225659,0.000377756
430,2015,10,01/10/2015,0.272,0.35,0.1225,0.04288,0.01501,0.35,0.1225,0.04288,0.01501,0.17896,0.03203,0.00573,0.00103,0.6129,0.37565,0.23023,0.14111,0.104717238,0.0109657,0.001148298
431,2015,11,01/11/2015,0.502,0.2,0.04,0.008,0.0016,0.144,0.02074,0.00299,0.00043,0.23573,0.05557,0.0131,0.00309,0.4058,0.16467,0.06682,0.02712,0.214736124,0.046111603,0.009901827
432,2015,12,01/12/2015,0.677,0.25,0.0625,0.01563,0.00391,0,0,0,0,0.3146,0.09897,0.03114,0.0098,0.2409,0.05803,0.01398,0.00337,0.34199328,0.116959404,0.03999933
433,2016,1,01/01/2016,0.79,0.1,0.01,0.001,0.0001,0.088,0.00774,0.00068,0.00006,0.48615,0.23634,0.1149,0.05586,0.3918,0.15351,0.06014,0.02356,0.470873149,0.221721522,0.104402711
434,2016,2,01/02/2016,0.849,0.1,0.01,0.001,0.0001,0.288,0.08294,0.02389,0.00688,0.50116,0.25116,0.12587,0.06308,0.3602,0.12974,0.04673,0.01683,0.556653248,0.309862839,0.172486155
435,2016,3,01/03/2016,0.865,0,0,0,0,0.494,0.24404,0.12055,0.05955,0.82787,0.68537,0.5674,0.46973,0.3287,0.10804,0.03551,0.01167,0.625486814,0.391233754,0.244711555
436,2016,4,01/04/2016,0.808,0.05,0.0025,0.00013,0.00001,0.706,0.49844,0.3519,0.24844,0.69352,0.48097,0.33356,0.23133,0.5567,0.30991,0.17253,0.09605,0.656536318,0.431039937,0.282993373
437,2016,5,01/05/2016,0.667,0.2,0.04,0.008,0.0016,0.925,0.85563,0.79145,0.73209,0.48977,0.23987,0.11748,0.05754,0.7684,0.59044,0.45369,0.34862,0.606509839,0.367854185,0.223107182
438,2016,6,01/06/2016,0.546,0.65,0.4225,0.27463,0.17851,1.088,1.18374,1.28791,1.40125,0.37052,0.13729,0.05087,0.01885,0.8854,0.78393,0.69409,0.61455,0.450289863,0.202760961,0.091301205
439,2016,7,01/07/2016,0.349,1,1,1,1,0.994,0.98804,0.98211,0.97622,0.21233,0.04508,0.00957,0.00203,0.952,0.9063,0.8628,0.82139,0.233757621,0.054642625,0.01277313
440,2016,8,01/08/2016,0.144,0.85,0.7225,0.61413,0.52201,0.775,0.60063,0.46548,0.36075,0.12809,0.01641,0.0021,0.00027,0.9053,0.81957,0.74195,0.67169,0.08216326,0.006750801,0.000554668
441,2016,9,01/09/2016,0.077,0.4,0.16,0.064,0.0256,0.563,0.31697,0.17845,0.10047,0.08566,0.00734,0.00063,0.00005,0.7719,0.59583,0.45992,0.35501,0.025784175,0.000664824,1.71419E-05
442,2016,10,01/10/2016,0.2,0.35,0.1225,0.04288,0.01501,0.35,0.1225,0.04288,0.01501,0.16253,0.02642,0.00429,0.0007,0.6585,0.43362,0.28554,0.18803,0.05457008,0.002977894,0.000162504
443,2016,11,01/11/2016,0.407,0.2,0.04,0.008,0.0016,0.144,0.02074,0.00299,0.00043,0.35891,0.12882,0.04623,0.01659,0.4339,0.18827,0.08169,0.03545,0.130677158,0.01707652,0.002231511
444,2016,12,01/12/2016,0.63,0.25,0.0625,0.01563,0.00391,0,0,0,0,0.35221,0.12405,0.04369,0.01539,0.2819,0.07947,0.0224,0.00632,0.243966079,0.059519448,0.014520726
445,2017,1,01/01/2017,0.768,0.1,0.01,0.001,0.0001,0.088,0.00774,0.00068,0.00006,0.59022,0.34836,0.20561,0.12135,0.3006,0.09036,0.02716,0.00816,0.381449266,0.145503543,0.055502219
446,2017,2,01/02/2017,0.843,0.1,0.01,0.001,0.0001,0.288,0.08294,0.02389,0.00688,0.63421,0.40222,0.25509,0.16178,0.2561,0.06559,0.0168,0.0043,0.478774657,0.229225172,0.109747203
447,2017,3,01/03/2017,0.856,0,0,0,0,0.494,0.24404,0.12055,0.05955,0.66311,0.43971,0.29158,0.19335,0.2292,0.05253,0.01204,0.00276,0.556990678,0.310238615,0.172800017
448,2017,4,01/04/2017,0.813,0.05,0.0025,0.00013,0.00001,0.706,0.49844,0.3519,0.24844,0.67593,0.45688,0.30882,0.20874,0.4713,0.22212,0.10469,0.04934,0.593426189,0.352154642,0.208977787
449,2017,5,01/05/2017,0.724,0.2,0.04,0.008,0.0016,0.925,0.85563,0.79145,0.73209,0.55123,0.30385,0.16749,0.09233,0.7298,0.53261,0.3887,0.28367,0.564862895,0.31907009,0.180230855
450,2017,6,01/06/2017,0.574,0.65,0.4225,0.27463,0.17851,1.088,1.18374,1.28791,1.40125,0.34578,0.11956,0.04134,0.0143,0.8854,0.78393,0.69409,0.61455,0.411848512,0.169619197,0.069857414
451,2017,7,01/07/2017,0.349,1,1,1,1,0.994,0.98804,0.98211,0.97622,0.22702,0.05154,0.0117,0.00266,0.9883,0.97674,0.96531,0.95401,0.194012241,0.03764075,0.007302766
452,2017,8,01/08/2017,0.153,0.85,0.7225,0.61413,0.52201,0.775,0.60063,0.46548,0.36075,0.13729,0.01885,0.00259,0.00036,0.8994,0.80892,0.72754,0.65435,0.062769183,0.00393997,0.000247309
453,2017,9,01/09/2017,0.1,0.4,0.16,0.064,0.0256,0.563,0.31697,0.17845,0.10047,0.07057,0.00498,0.00035,0.00002,0.8012,0.64192,0.51431,0.41206,0.03049532,0.000929965,2.83596E-05
454,2017,10,01/10/2017,0.256,0.35,0.1225,0.04288,0.01501,0.35,0.1225,0.04288,0.01501,0.14547,0.02116,0.00308,0.00045,0.614,0.377,0.23148,0.14213,0.072442203,0.005247873,0.000380167
455,2017,11,01/11/2017,0.473,0.2,0.04,0.008,0.0016,0.144,0.02074,0.00299,0.00043,0.20464,0.04188,0.00857,0.00175,0.4901,0.2402,0.11772,0.0577,0.175964373,0.030963461,0.005448466
456,2017,12,01/12/2017,0.653,0.25,0.0625,0.01563,0.00391,0,0,0,0,0.4255,0.18105,0.07704,0.03278,0.4655,0.21669,0.10087,0.04695,0.29491112,0.086972569,0.025649178
457,2018,1,01/01/2018,0.76,0.1,0.01,0.001,0.0001,0.088,0.00774,0.00068,0.00006,0.39705,0.15765,0.06259,0.02485,0.2737,0.07491,0.0205,0.00561,0.429944418,0.184852203,0.079476173
458,2018,2,01/02/2018,0.831,0.1,0.01,0.001,0.0001,0.288,0.08294,0.02389,0.00688,0.91251,0.83267,0.75982,0.69335,0.3906,0.15257,0.05959,0.02328,0.523142138,0.273677697,0.143172335
459,2018,3,01/03/2018,0.857,0,0,0,0,0.494,0.24404,0.12055,0.05955,0.77052,0.5937,0.45746,0.35248,0.3895,0.15171,0.05909,0.02302,0.602098633,0.362522764,0.218274461
460,2018,4,01/04/2018,0.809,0.05,0.0025,0.00013,0.00001,0.706,0.49844,0.3519,0.24844,0.67566,0.45652,0.30845,0.20841,0.4538,0.20593,0.09345,0.04241,0.648982786,0.421178657,0.273337698
461,2018,5,01/05/2018,0.692,0.2,0.04,0.008,0.0016,0.925,0.85563,0.79145,0.73209,0.6414,0.41139,0.26387,0.16924,0.6994,0.48916,0.34212,0.23928,0.620700685,0.38526934,0.239136943
462,2018,6,01/06/2018,0.576,0.65,0.4225,0.27463,0.17851,1.088,1.18374,1.28791,1.40125,0.44319,0.19642,0.08705,0.03858,0.8643,0.74701,0.64564,0.55803,0.475645219,0.226238374,0.107609201
463,2018,7,01/07/2018,0.375,1,1,1,1,0.994,0.98804,0.98211,0.97622,0.24752,0.06127,0.01516,0.00375,0.9637,0.92872,0.89501,0.86252,0.235516246,0.055467902,0.013063592
464,2018,8,01/08/2018,0.163,0.85,0.7225,0.61413,0.52201,0.775,0.60063,0.46548,0.36075,0.13685,0.01873,0.00256,0.00035,0.8667,0.75117,0.65104,0.56425,0.090003843,0.008100692,0.000729093
465,2018,9,01/09/2018,0.097,0.4,0.16,0.064,0.0256,0.563,0.31697,0.17845,0.10047,0.10969,0.01203,0.00132,0.00014,0.7953,0.6325,0.50303,0.40006,0.0458496,0.002102186,9.63844E-05
466,2018,10,01/10/2018,0.204,0.35,0.1225,0.04288,0.01501,0.35,0.1225,0.04288,0.01501,0.10715,0.01148,0.00123,0.00013,0.6339,0.40183,0.25472,0.16147,0.062632102,0.00392278,0.000245692
467,2018,11,01/11/2018,0.499,0.2,0.04,0.008,0.0016,0.144,0.02074,0.00299,0.00043,0.27106,0.07347,0.01992,0.0054,0.4444,0.19749,0.08777,0.039,0.180352147,0.032526897,0.005866296
468,2018,12,01/12/2018,0.662,0.25,0.0625,0.01563,0.00391,0,0,0,0,0.51478,0.265,0.13642,0.07022,0.2877,0.08277,0.02381,0.00685,0.313620962,0.098358108,0.030847164
469,2019,1,01/01/2019,0.799,0.1,0.01,0.001,0.0001,0.088,0.00774,0.00068,0.00006,0.71027,0.50448,0.35832,0.2545,0.2632,0.06927,0.01823,0.0048,0.461278629,0.212777974,0.098149932
470,2019,2,01/02/2019,0.864,0.1,0.01,0.001,0.0001,0.288,0.08294,0.02389,0.00688,0.6774,0.45887,0.31084,0.21056,0.3953,0.15626,0.06177,0.02442,0.563330396,0.317341135,0.178767907
471,2019,3,01/03/2019,0.879,0,0,0,0,0.494,0.24404,0.12055,0.05955,0.71148,0.5062,0.36015,0.25624,0.4889,0.23902,0.11686,0.05713,0.634462712,0.402542933,0.255398481
472,2019,4,01/04/2019,0.788,0.05,0.0025,0.00013,0.00001,0.706,0.49844,0.3519,0.24844,0.75221,0.56582,0.42562,0.32015,0.4877,0.23785,0.116,0.05657,0.653367045,0.426888495,0.278914875
473,2019,5,01/05/2019,0.688,0.2,0.04,0.008,0.0016,0.925,0.85563,0.79145,0.73209,0.67481,0.45537,0.30729,0.20736,0.7602,0.5779,0.43932,0.33397,0.605785769,0.366976398,0.222309079
474,2019,6,01/06/2019,0.561,0.65,0.4225,0.27463,0.17851,1.088,1.18374,1.28791,1.40125,0.45248,0.20474,0.09264,0.04192,0.9064,0.82156,0.74466,0.67496,0.43036855,0.185217089,0.07971161
475,2019,7,01/07/2019,0.321,1,1,1,1,0.994,0.98804,0.98211,0.97622,0.25775,0.06644,0.01712,0.00441,1,1,1,1,0.185754556,0.034504755,0.006409415
476,2019,8,01/08/2019,0.117,0.85,0.7225,0.61413,0.52201,0.775,0.60063,0.46548,0.36075,0.16766,0.02811,0.00471,0.00079,0.9053,0.81957,0.74195,0.67169,0.050020621,0.002502063,0.000125155
477,2019,9,01/09/2019,0.063,0.4,0.16,0.064,0.0256,0.563,0.31697,0.17845,0.10047,0.08508,0.00724,0.00062,0.00005,0.8292,0.68757,0.57014,0.47276,0.012932509,0.00016725,2.16296E-06
478,2019,10,01/10/2019,0.173,0.35,0.1225,0.04288,0.01501,0.35,0.1225,0.04288,0.01501,0.09594,0.0092,0.00088,0.00008,0.648,0.4199,0.2721,0.17632,0.04664514,0.002175769,0.000101489
479,2019,11,01/11/2019,0.462,0.2,0.04,0.008,0.0016,0.144,0.02074,0.00299,0.00043,0.33814,0.11434,0.03866,0.01307,0.476,0.22658,0.10785,0.05134,0.150997999,0.022800396,0.003442814
480,2019,12,01/12/2019,0.665,0.25,0.0625,0.01563,0.00391,0,0,0,0,0.37012,0.13699,0.0507,0.01877,0.2737,0.07491,0.0205,0.00561,0.284335941,0.080846927,0.022987687
481,2020,1,01/01/2020,0.805,0.1,0.01,0.001,0.0001,0.088,0.00774,0.00068,0.00006,0.36985,0.13679,0.05059,0.01871,0.1673,0.02799,0.00468,0.00078,0.442354377,0.195677395,0.086558752
482,2020,2,01/02/2020,0.887,0.1,0.01,0.001,0.0001,0.288,0.08294,0.02389,0.00688,0.39763,0.15811,0.06287,0.025,0.0667,0.00445,0.0003,0.00002,0.55601705,0.30915496,0.171895429
483,2020,3,01/03/2020,0.895,0,0,0,0,0.494,0.24404,0.12055,0.05955,0.33216,0.11033,0.03665,0.01217,0.2854,0.08145,0.02325,0.00663,0.64065949,0.410444582,0.262955217
484,2020,4,01/04/2020,0.812,0.05,0.0025,0.00013,0.00001,0.706,0.49844,0.3519,0.24844,0.40875,0.16708,0.06829,0.02791,0.4982,0.2482,0.12365,0.0616,0.668342886,0.446682213,0.29853688
485,2020,5,01/05/2020,0.702,0.2,0.04,0.008,0.0016,0.925,0.85563,0.79145,0.73209,0.48848,0.23861,0.11656,0.05694,0.7053,0.49745,0.35085,0.24745,0.621709463,0.386522656,0.240304793
486,2020,6,01/06/2020,0.56,0.65,0.4225,0.27463,0.17851,1.088,1.18374,1.28791,1.40125,0.33332,0.1111,0.03703,0.01234,0.8912,0.79424,0.70782,0.63081,0.456819385,0.208683951,0.095330874
487,2020,7,01/07/2020,0.296,1,1,1,1,0.994,0.98804,0.98211,0.97622,0.18343,0.03365,0.00617,0.00113,0.9216,0.84935,0.78276,0.72139,0.200233624,0.040093504,0.008028068
488,2020,8,01/08/2020,0.121,0.85,0.7225,0.61413,0.52201,0.775,0.60063,0.46548,0.36075,0.0841,0.00707,0.00059,0.00005,0.9123,0.83229,0.7593,0.69271,0.058389611,0.003409347,0.00019907
489,2020,9,01/09/2020,0.028,0.4,0.16,0.064,0.0256,0.563,0.31697,0.17845,0.10047,0.09857,0.00972,0.00096,0.00009,0.7953,0.6325,0.50303,0.40006,0.013312119,0.000177213,2.35907E-06
490,2020,10,01/10/2020,0.137,0.35,0.1225,0.04288,0.01501,0.35,0.1225,0.04288,0.01501,0.12546,0.01574,0.00197,0.00025,0.6292,0.39589,0.2491,0.15673,0.034905355,0.001218384,4.25281E-05